Squeezing [dB],X,P,Bipartition ID,Bipartition 1,Bipartition 2
3.010299957,n_x_0-n_x_2,n_p_0-n_p_6,2,"[1, 2]","[3, 4, 5, 6, 7, 8, 9, 10, 11, 12, 13, 14, 15, 16]"
3.979400087,n_x_0-n_x_1-n_x_2,n_p_0-n_p_8,5,"[2, 3]","[1, 4, 5, 6, 7, 8, 9, 10, 11, 12, 13, 14, 15, 16]"
3.979400087,n_x_0-n_x_1-n_x_2,n_p_0-n_p_19,4,"[1, 3]","[2, 4, 5, 6, 7, 8, 9, 10, 11, 12, 13, 14, 15, 16]"
3.010299957,n_x_0-n_x_2,n_p_0-n_p_6,6,"[1, 2, 3]","[4, 5, 6, 7, 8, 9, 10, 11, 12, 13, 14, 15, 16]"
3.979400087,n_x_0-n_x_1-n_x_2,n_p_0+n_p_8,8,"[1, 4]","[2, 3, 5, 6, 7, 8, 9, 10, 11, 12, 13, 14, 15, 16]"
3.979400087,n_x_0-n_x_1-n_x_2,n_p_0+n_p_19,9,"[2, 4]","[1, 3, 5, 6, 7, 8, 9, 10, 11, 12, 13, 14, 15, 16]"
3.010299957,n_x_0-n_x_1,n_p_0+n_p_6,11,"[3, 4]","[1, 2, 5, 6, 7, 8, 9, 10, 11, 12, 13, 14, 15, 16]"
3.010299957,n_x_0-n_x_2,n_p_0-n_p_6,10,"[1, 2, 4]","[3, 5, 6, 7, 8, 9, 10, 11, 12, 13, 14, 15, 16]"
3.010299957,n_x_0-n_x_1,n_p_0+n_p_6,12,"[1, 3, 4]","[2, 5, 6, 7, 8, 9, 10, 11, 12, 13, 14, 15, 16]"
3.010299957,n_x_0,n_p_0,14,"[1, 2, 3, 4]","[5, 6, 7, 8, 9, 10, 11, 12, 13, 14, 15, 16]"
3.010299957,n_x_0-n_x_1,n_p_0+n_p_6,13,"[2, 3, 4]","[1, 5, 6, 7, 8, 9, 10, 11, 12, 13, 14, 15, 16]"
3.979400087,n_x_0+n_x_4+n_x_7,n_p_0-n_p_6,16,"[1, 5]","[2, 3, 4, 6, 7, 8, 9, 10, 11, 12, 13, 14, 15, 16]"
3.979400087,n_x_0-n_x_4+n_x_7,n_p_0-n_p_6,17,"[2, 5]","[1, 3, 4, 6, 7, 8, 9, 10, 11, 12, 13, 14, 15, 16]"
3.010299957,n_x_0-n_x_2,n_p_0-n_p_6,18,"[1, 2, 5]","[3, 4, 6, 7, 8, 9, 10, 11, 12, 13, 14, 15, 16]"
3.979400087,n_x_0-n_x_1-n_x_11+n_x_2-n_x_12+n_x_6,n_p_0-n_p_8+n_p_7-n_p_20,19,"[3, 5]","[1, 2, 4, 6, 7, 8, 9, 10, 11, 12, 13, 14, 15, 16]"
3.590219426,n_x_0-n_x_1,n_p_0-n_p_19,20,"[1, 3, 5]","[2, 4, 6, 7, 8, 9, 10, 11, 12, 13, 14, 15, 16]"
3.590219426,n_x_0-n_x_1,n_p_0-n_p_8,21,"[2, 3, 5]","[1, 4, 6, 7, 8, 9, 10, 11, 12, 13, 14, 15, 16]"
3.010299957,n_x_0,n_p_0,22,"[1, 2, 3, 5]","[4, 6, 7, 8, 9, 10, 11, 12, 13, 14, 15, 16]"
3.979400087,n_x_0-n_x_1-n_x_11+n_x_2-n_x_12+n_x_6,n_p_0+n_p_8+n_p_7-n_p_20,23,"[4, 5]","[1, 2, 3, 6, 7, 8, 9, 10, 11, 12, 13, 14, 15, 16]"
3.590219426,n_x_0-n_x_1,n_p_0+n_p_8,24,"[1, 4, 5]","[2, 3, 6, 7, 8, 9, 10, 11, 12, 13, 14, 15, 16]"
3.590219426,n_x_0-n_x_1,n_p_0+n_p_19,25,"[2, 4, 5]","[1, 3, 6, 7, 8, 9, 10, 11, 12, 13, 14, 15, 16]"
3.010299957,n_x_0,n_p_0,26,"[1, 2, 4, 5]","[3, 6, 7, 8, 9, 10, 11, 12, 13, 14, 15, 16]"
3.010299957,n_x_0-n_x_1,n_p_0+n_p_6,27,"[3, 4, 5]","[1, 2, 6, 7, 8, 9, 10, 11, 12, 13, 14, 15, 16]"
3.010299957,n_x_0,n_p_0,28,"[1, 3, 4, 5]","[2, 6, 7, 8, 9, 10, 11, 12, 13, 14, 15, 16]"
3.010299957,n_x_0,n_p_0,29,"[2, 3, 4, 5]","[1, 6, 7, 8, 9, 10, 11, 12, 13, 14, 15, 16]"
2.041199827,n_x_0,n_p_0,30,"[1, 2, 3, 4, 5]","[6, 7, 8, 9, 10, 11, 12, 13, 14, 15, 16]"
4.259687323,n_x_0-n_x_2+n_x_4+n_x_8+n_x_25,n_p_0-n_p_6-n_p_19,0,[1],"[2, 3, 4, 5, 6, 7, 8, 9, 10, 11, 12, 13, 14, 15, 16]"
3.979400087,n_x_0+n_x_4-n_x_7,n_p_0-n_p_6,32,"[1, 6]","[2, 3, 4, 5, 7, 8, 9, 10, 11, 12, 13, 14, 15, 16]"
3.979400087,n_x_0-n_x_4-n_x_7,n_p_0-n_p_6,33,"[2, 6]","[1, 3, 4, 5, 7, 8, 9, 10, 11, 12, 13, 14, 15, 16]"
3.010299957,n_x_0-n_x_2,n_p_0-n_p_6,34,"[1, 2, 6]","[3, 4, 5, 7, 8, 9, 10, 11, 12, 13, 14, 15, 16]"
3.979400087,n_x_0-n_x_1-n_x_11+n_x_2-n_x_12+n_x_6,n_p_0-n_p_8-n_p_7+n_p_20,35,"[3, 6]","[1, 2, 4, 5, 7, 8, 9, 10, 11, 12, 13, 14, 15, 16]"
3.590219426,n_x_0-n_x_1,n_p_0-n_p_19,36,"[1, 3, 6]","[2, 4, 5, 7, 8, 9, 10, 11, 12, 13, 14, 15, 16]"
3.590219426,n_x_0-n_x_1,n_p_0-n_p_8,37,"[2, 3, 6]","[1, 4, 5, 7, 8, 9, 10, 11, 12, 13, 14, 15, 16]"
3.010299957,n_x_0,n_p_0,38,"[1, 2, 3, 6]","[4, 5, 7, 8, 9, 10, 11, 12, 13, 14, 15, 16]"
3.979400087,n_x_0-n_x_1-n_x_11+n_x_2-n_x_12+n_x_6,n_p_0+n_p_8-n_p_7+n_p_20,39,"[4, 6]","[1, 2, 3, 5, 7, 8, 9, 10, 11, 12, 13, 14, 15, 16]"
3.590219426,n_x_0-n_x_1,n_p_0+n_p_8,40,"[1, 4, 6]","[2, 3, 5, 7, 8, 9, 10, 11, 12, 13, 14, 15, 16]"
3.590219426,n_x_0-n_x_1,n_p_0+n_p_19,41,"[2, 4, 6]","[1, 3, 5, 7, 8, 9, 10, 11, 12, 13, 14, 15, 16]"
3.010299957,n_x_0,n_p_0,42,"[1, 2, 4, 6]","[3, 5, 7, 8, 9, 10, 11, 12, 13, 14, 15, 16]"
3.010299957,n_x_0-n_x_1,n_p_0+n_p_6,43,"[3, 4, 6]","[1, 2, 5, 7, 8, 9, 10, 11, 12, 13, 14, 15, 16]"
3.010299957,n_x_0,n_p_0,44,"[1, 3, 4, 6]","[2, 5, 7, 8, 9, 10, 11, 12, 13, 14, 15, 16]"
3.010299957,n_x_0,n_p_0,45,"[2, 3, 4, 6]","[1, 5, 7, 8, 9, 10, 11, 12, 13, 14, 15, 16]"
2.041199827,n_x_0,n_p_0,46,"[1, 2, 3, 4, 6]","[5, 7, 8, 9, 10, 11, 12, 13, 14, 15, 16]"
3.010299957,n_x_0+n_x_2,n_p_0-n_p_6,47,"[5, 6]","[1, 2, 3, 4, 7, 8, 9, 10, 11, 12, 13, 14, 15, 16]"
3.010299957,n_x_0+n_x_2,n_p_0-n_p_6,48,"[1, 5, 6]","[2, 3, 4, 7, 8, 9, 10, 11, 12, 13, 14, 15, 16]"
3.010299957,n_x_0+n_x_2,n_p_0-n_p_6,49,"[2, 5, 6]","[1, 3, 4, 7, 8, 9, 10, 11, 12, 13, 14, 15, 16]"
3.010299957,n_x_0,n_p_0,50,"[1, 2, 5, 6]","[3, 4, 7, 8, 9, 10, 11, 12, 13, 14, 15, 16]"
3.010299957,n_x_0+n_x_2,n_p_0-n_p_6,51,"[3, 5, 6]","[1, 2, 4, 7, 8, 9, 10, 11, 12, 13, 14, 15, 16]"
3.010299957,n_x_0,n_p_0,52,"[1, 3, 5, 6]","[2, 4, 7, 8, 9, 10, 11, 12, 13, 14, 15, 16]"
3.010299957,n_x_0,n_p_0,53,"[2, 3, 5, 6]","[1, 4, 7, 8, 9, 10, 11, 12, 13, 14, 15, 16]"
2.041199827,n_x_0,n_p_0,54,"[1, 2, 3, 5, 6]","[4, 7, 8, 9, 10, 11, 12, 13, 14, 15, 16]"
3.010299957,n_x_0+n_x_2,n_p_0-n_p_6,55,"[4, 5, 6]","[1, 2, 3, 7, 8, 9, 10, 11, 12, 13, 14, 15, 16]"
3.010299957,n_x_0,n_p_0,56,"[1, 4, 5, 6]","[2, 3, 7, 8, 9, 10, 11, 12, 13, 14, 15, 16]"
3.010299957,n_x_0,n_p_0,57,"[2, 4, 5, 6]","[1, 3, 7, 8, 9, 10, 11, 12, 13, 14, 15, 16]"
2.041199827,n_x_0,n_p_0,58,"[1, 2, 4, 5, 6]","[3, 7, 8, 9, 10, 11, 12, 13, 14, 15, 16]"
3.010299957,n_x_0,n_p_0,59,"[3, 4, 5, 6]","[1, 2, 7, 8, 9, 10, 11, 12, 13, 14, 15, 16]"
2.041199827,n_x_0,n_p_0,60,"[1, 3, 4, 5, 6]","[2, 7, 8, 9, 10, 11, 12, 13, 14, 15, 16]"
2.041199827,n_x_0,n_p_0,61,"[2, 3, 4, 5, 6]","[1, 7, 8, 9, 10, 11, 12, 13, 14, 15, 16]"
1.249387366,n_x_0,n_p_0,62,"[1, 2, 3, 4, 5, 6]","[7, 8, 9, 10, 11, 12, 13, 14, 15, 16]"
4.259687323,n_x_0-n_x_1-n_x_8-n_x_25-n_x_4,n_p_0+n_p_6-n_p_19,3,[3],"[1, 2, 4, 5, 6, 7, 8, 9, 10, 11, 12, 13, 14, 15, 16]"
3.979400087,n_x_0+n_x_1+n_x_11-n_x_2+n_x_12-n_x_6,n_p_0-n_p_7+n_p_8-n_p_20,64,"[1, 7]","[2, 3, 4, 5, 6, 8, 9, 10, 11, 12, 13, 14, 15, 16]"
3.979400087,n_x_0+n_x_1+n_x_11-n_x_2+n_x_12-n_x_6,n_p_0-n_p_7-n_p_8-n_p_20,65,"[2, 7]","[1, 3, 4, 5, 6, 8, 9, 10, 11, 12, 13, 14, 15, 16]"
3.010299957,n_x_0-n_x_2,n_p_0-n_p_6,66,"[1, 2, 7]","[3, 4, 5, 6, 8, 9, 10, 11, 12, 13, 14, 15, 16]"
3.979400087,n_x_0+n_x_3-n_x_7,n_p_0+n_p_6,67,"[3, 7]","[1, 2, 4, 5, 6, 8, 9, 10, 11, 12, 13, 14, 15, 16]"
3.590219426,n_x_0-n_x_2,n_p_0-n_p_19,68,"[1, 3, 7]","[2, 4, 5, 6, 8, 9, 10, 11, 12, 13, 14, 15, 16]"
3.590219426,n_x_0-n_x_2,n_p_0-n_p_8,69,"[2, 3, 7]","[1, 4, 5, 6, 8, 9, 10, 11, 12, 13, 14, 15, 16]"
3.010299957,n_x_0,n_p_0,70,"[1, 2, 3, 7]","[4, 5, 6, 8, 9, 10, 11, 12, 13, 14, 15, 16]"
3.979400087,n_x_0+n_x_3-n_x_7,n_p_0+n_p_6,71,"[4, 7]","[1, 2, 3, 5, 6, 8, 9, 10, 11, 12, 13, 14, 15, 16]"
3.590219426,n_x_0-n_x_2,n_p_0+n_p_8,72,"[1, 4, 7]","[2, 3, 5, 6, 8, 9, 10, 11, 12, 13, 14, 15, 16]"
3.590219426,n_x_0-n_x_2,n_p_0+n_p_19,73,"[2, 4, 7]","[1, 3, 5, 6, 8, 9, 10, 11, 12, 13, 14, 15, 16]"
3.010299957,n_x_0,n_p_0,74,"[1, 2, 4, 7]","[3, 5, 6, 8, 9, 10, 11, 12, 13, 14, 15, 16]"
3.010299957,n_x_0-n_x_1,n_p_0+n_p_6,75,"[3, 4, 7]","[1, 2, 5, 6, 8, 9, 10, 11, 12, 13, 14, 15, 16]"
3.010299957,n_x_0,n_p_0,76,"[1, 3, 4, 7]","[2, 5, 6, 8, 9, 10, 11, 12, 13, 14, 15, 16]"
3.010299957,n_x_0,n_p_0,77,"[2, 3, 4, 7]","[1, 5, 6, 8, 9, 10, 11, 12, 13, 14, 15, 16]"
2.041199827,n_x_0,n_p_0,78,"[1, 2, 3, 4, 7]","[5, 6, 8, 9, 10, 11, 12, 13, 14, 15, 16]"
3.979400087,n_x_0+n_x_1+n_x_2,n_p_0-n_p_20,79,"[5, 7]","[1, 2, 3, 4, 6, 8, 9, 10, 11, 12, 13, 14, 15, 16]"
3.590219426,n_x_0+n_x_1,n_p_0-n_p_20,80,"[1, 5, 7]","[2, 3, 4, 6, 8, 9, 10, 11, 12, 13, 14, 15, 16]"
3.590219426,n_x_0+n_x_1,n_p_0-n_p_20,81,"[2, 5, 7]","[1, 3, 4, 6, 8, 9, 10, 11, 12, 13, 14, 15, 16]"
3.010299957,n_x_0,n_p_0,82,"[1, 2, 5, 7]","[3, 4, 6, 8, 9, 10, 11, 12, 13, 14, 15, 16]"
3.590219426,n_x_0+n_x_2,n_p_0-n_p_20,83,"[3, 5, 7]","[1, 2, 4, 6, 8, 9, 10, 11, 12, 13, 14, 15, 16]"
3.010299957,n_x_0,n_p_0,84,"[1, 3, 5, 7]","[2, 4, 6, 8, 9, 10, 11, 12, 13, 14, 15, 16]"
3.010299957,n_x_0,n_p_0,85,"[2, 3, 5, 7]","[1, 4, 6, 8, 9, 10, 11, 12, 13, 14, 15, 16]"
2.041199827,n_x_0,n_p_0,86,"[1, 2, 3, 5, 7]","[4, 6, 8, 9, 10, 11, 12, 13, 14, 15, 16]"
3.590219426,n_x_0+n_x_2,n_p_0-n_p_20,87,"[4, 5, 7]","[1, 2, 3, 6, 8, 9, 10, 11, 12, 13, 14, 15, 16]"
3.010299957,n_x_0,n_p_0,88,"[1, 4, 5, 7]","[2, 3, 6, 8, 9, 10, 11, 12, 13, 14, 15, 16]"
3.010299957,n_x_0,n_p_0,89,"[2, 4, 5, 7]","[1, 3, 6, 8, 9, 10, 11, 12, 13, 14, 15, 16]"
2.041199827,n_x_0,n_p_0,90,"[1, 2, 4, 5, 7]","[3, 6, 8, 9, 10, 11, 12, 13, 14, 15, 16]"
3.010299957,n_x_0,n_p_0,91,"[3, 4, 5, 7]","[1, 2, 6, 8, 9, 10, 11, 12, 13, 14, 15, 16]"
2.041199827,n_x_0,n_p_0,92,"[1, 3, 4, 5, 7]","[2, 6, 8, 9, 10, 11, 12, 13, 14, 15, 16]"
2.041199827,n_x_0,n_p_0,93,"[2, 3, 4, 5, 7]","[1, 6, 8, 9, 10, 11, 12, 13, 14, 15, 16]"
1.249387366,n_x_0,n_p_0,94,"[1, 2, 3, 4, 5, 7]","[6, 8, 9, 10, 11, 12, 13, 14, 15, 16]"
3.979400087,n_x_0+n_x_1+n_x_2,n_p_0-n_p_7,95,"[6, 7]","[1, 2, 3, 4, 5, 8, 9, 10, 11, 12, 13, 14, 15, 16]"
4.259687323,n_x_0+n_x_2+n_x_7-n_x_22-n_x_3,n_p_0-n_p_6-n_p_20,15,[5],"[1, 2, 3, 4, 6, 7, 8, 9, 10, 11, 12, 13, 14, 15, 16]"
3.590219426,n_x_0+n_x_1,n_p_0-n_p_7,97,"[2, 6, 7]","[1, 3, 4, 5, 8, 9, 10, 11, 12, 13, 14, 15, 16]"
3.010299957,n_x_0,n_p_0,98,"[1, 2, 6, 7]","[3, 4, 5, 8, 9, 10, 11, 12, 13, 14, 15, 16]"
3.590219426,n_x_0+n_x_1,n_p_0-n_p_7,96,"[1, 6, 7]","[2, 3, 4, 5, 8, 9, 10, 11, 12, 13, 14, 15, 16]"
3.010299957,n_x_0,n_p_0,100,"[1, 3, 6, 7]","[2, 4, 5, 8, 9, 10, 11, 12, 13, 14, 15, 16]"
3.010299957,n_x_0,n_p_0,101,"[2, 3, 6, 7]","[1, 4, 5, 8, 9, 10, 11, 12, 13, 14, 15, 16]"
2.041199827,n_x_0,n_p_0,102,"[1, 2, 3, 6, 7]","[4, 5, 8, 9, 10, 11, 12, 13, 14, 15, 16]"
3.590219426,n_x_0+n_x_2,n_p_0-n_p_7,99,"[3, 6, 7]","[1, 2, 4, 5, 8, 9, 10, 11, 12, 13, 14, 15, 16]"
3.010299957,n_x_0,n_p_0,104,"[1, 4, 6, 7]","[2, 3, 5, 8, 9, 10, 11, 12, 13, 14, 15, 16]"
3.010299957,n_x_0,n_p_0,105,"[2, 4, 6, 7]","[1, 3, 5, 8, 9, 10, 11, 12, 13, 14, 15, 16]"
2.041199827,n_x_0,n_p_0,106,"[1, 2, 4, 6, 7]","[3, 5, 8, 9, 10, 11, 12, 13, 14, 15, 16]"
3.010299957,n_x_0,n_p_0,107,"[3, 4, 6, 7]","[1, 2, 5, 8, 9, 10, 11, 12, 13, 14, 15, 16]"
2.041199827,n_x_0,n_p_0,108,"[1, 3, 4, 6, 7]","[2, 5, 8, 9, 10, 11, 12, 13, 14, 15, 16]"
2.041199827,n_x_0,n_p_0,109,"[2, 3, 4, 6, 7]","[1, 5, 8, 9, 10, 11, 12, 13, 14, 15, 16]"
1.249387366,n_x_0,n_p_0,110,"[1, 2, 3, 4, 6, 7]","[5, 8, 9, 10, 11, 12, 13, 14, 15, 16]"
3.590219426,n_x_0+n_x_2,n_p_0-n_p_7,103,"[4, 6, 7]","[1, 2, 3, 5, 8, 9, 10, 11, 12, 13, 14, 15, 16]"
3.010299957,n_x_0,n_p_0,112,"[1, 5, 6, 7]","[2, 3, 4, 8, 9, 10, 11, 12, 13, 14, 15, 16]"
3.010299957,n_x_0,n_p_0,113,"[2, 5, 6, 7]","[1, 3, 4, 8, 9, 10, 11, 12, 13, 14, 15, 16]"
2.041199827,n_x_0,n_p_0,114,"[1, 2, 5, 6, 7]","[3, 4, 8, 9, 10, 11, 12, 13, 14, 15, 16]"
3.010299957,n_x_0,n_p_0,115,"[3, 5, 6, 7]","[1, 2, 4, 8, 9, 10, 11, 12, 13, 14, 15, 16]"
2.041199827,n_x_0,n_p_0,116,"[1, 3, 5, 6, 7]","[2, 4, 8, 9, 10, 11, 12, 13, 14, 15, 16]"
2.041199827,n_x_0,n_p_0,117,"[2, 3, 5, 6, 7]","[1, 4, 8, 9, 10, 11, 12, 13, 14, 15, 16]"
1.249387366,n_x_0,n_p_0,118,"[1, 2, 3, 5, 6, 7]","[4, 8, 9, 10, 11, 12, 13, 14, 15, 16]"
3.010299957,n_x_0,n_p_0,119,"[4, 5, 6, 7]","[1, 2, 3, 8, 9, 10, 11, 12, 13, 14, 15, 16]"
2.041199827,n_x_0,n_p_0,120,"[1, 4, 5, 6, 7]","[2, 3, 8, 9, 10, 11, 12, 13, 14, 15, 16]"
2.041199827,n_x_0,n_p_0,121,"[2, 4, 5, 6, 7]","[1, 3, 8, 9, 10, 11, 12, 13, 14, 15, 16]"
1.249387366,n_x_0,n_p_0,122,"[1, 2, 4, 5, 6, 7]","[3, 8, 9, 10, 11, 12, 13, 14, 15, 16]"
2.041199827,n_x_0,n_p_0,123,"[3, 4, 5, 6, 7]","[1, 2, 8, 9, 10, 11, 12, 13, 14, 15, 16]"
1.249387366,n_x_0,n_p_0,124,"[1, 3, 4, 5, 6, 7]","[2, 8, 9, 10, 11, 12, 13, 14, 15, 16]"
1.249387366,n_x_0,n_p_0,125,"[2, 3, 4, 5, 6, 7]","[1, 8, 9, 10, 11, 12, 13, 14, 15, 16]"
0.57991947,n_x_0,n_p_0,126,"[1, 2, 3, 4, 5, 6, 7]","[8, 9, 10, 11, 12, 13, 14, 15, 16]"
3.010299957,n_x_0+n_x_2,n_p_0-n_p_6,111,"[5, 6, 7]","[1, 2, 3, 4, 8, 9, 10, 11, 12, 13, 14, 15, 16]"
3.979400087,n_x_0+n_x_1+n_x_11-n_x_2+n_x_12-n_x_6,n_p_0+n_p_7+n_p_8+n_p_20,128,"[1, 8]","[2, 3, 4, 5, 6, 7, 9, 10, 11, 12, 13, 14, 15, 16]"
3.979400087,n_x_0+n_x_1+n_x_11-n_x_2+n_x_12-n_x_6,n_p_0+n_p_7-n_p_8+n_p_20,129,"[2, 8]","[1, 3, 4, 5, 6, 7, 9, 10, 11, 12, 13, 14, 15, 16]"
3.010299957,n_x_0-n_x_2,n_p_0-n_p_6,130,"[1, 2, 8]","[3, 4, 5, 6, 7, 9, 10, 11, 12, 13, 14, 15, 16]"
3.979400087,n_x_0-n_x_3+n_x_7,n_p_0+n_p_6,131,"[3, 8]","[1, 2, 4, 5, 6, 7, 9, 10, 11, 12, 13, 14, 15, 16]"
3.590219426,n_x_0-n_x_2,n_p_0-n_p_19,132,"[1, 3, 8]","[2, 4, 5, 6, 7, 9, 10, 11, 12, 13, 14, 15, 16]"
3.590219426,n_x_0-n_x_2,n_p_0-n_p_8,133,"[2, 3, 8]","[1, 4, 5, 6, 7, 9, 10, 11, 12, 13, 14, 15, 16]"
3.010299957,n_x_0,n_p_0,134,"[1, 2, 3, 8]","[4, 5, 6, 7, 9, 10, 11, 12, 13, 14, 15, 16]"
3.979400087,n_x_0-n_x_3+n_x_7,n_p_0+n_p_6,135,"[4, 8]","[1, 2, 3, 5, 6, 7, 9, 10, 11, 12, 13, 14, 15, 16]"
3.590219426,n_x_0-n_x_2,n_p_0+n_p_8,136,"[1, 4, 8]","[2, 3, 5, 6, 7, 9, 10, 11, 12, 13, 14, 15, 16]"
3.590219426,n_x_0-n_x_2,n_p_0+n_p_19,137,"[2, 4, 8]","[1, 3, 5, 6, 7, 9, 10, 11, 12, 13, 14, 15, 16]"
3.010299957,n_x_0,n_p_0,138,"[1, 2, 4, 8]","[3, 5, 6, 7, 9, 10, 11, 12, 13, 14, 15, 16]"
3.010299957,n_x_0-n_x_1,n_p_0+n_p_6,139,"[3, 4, 8]","[1, 2, 5, 6, 7, 9, 10, 11, 12, 13, 14, 15, 16]"
3.010299957,n_x_0,n_p_0,140,"[1, 3, 4, 8]","[2, 5, 6, 7, 9, 10, 11, 12, 13, 14, 15, 16]"
3.010299957,n_x_0,n_p_0,141,"[2, 3, 4, 8]","[1, 5, 6, 7, 9, 10, 11, 12, 13, 14, 15, 16]"
2.041199827,n_x_0,n_p_0,142,"[1, 2, 3, 4, 8]","[5, 6, 7, 9, 10, 11, 12, 13, 14, 15, 16]"
3.979400087,n_x_0+n_x_1+n_x_2,n_p_0+n_p_7,143,"[5, 8]","[1, 2, 3, 4, 6, 7, 9, 10, 11, 12, 13, 14, 15, 16]"
3.590219426,n_x_0+n_x_1,n_p_0+n_p_7,144,"[1, 5, 8]","[2, 3, 4, 6, 7, 9, 10, 11, 12, 13, 14, 15, 16]"
3.590219426,n_x_0+n_x_1,n_p_0+n_p_7,145,"[2, 5, 8]","[1, 3, 4, 6, 7, 9, 10, 11, 12, 13, 14, 15, 16]"
3.010299957,n_x_0,n_p_0,146,"[1, 2, 5, 8]","[3, 4, 6, 7, 9, 10, 11, 12, 13, 14, 15, 16]"
3.590219426,n_x_0+n_x_2,n_p_0+n_p_7,147,"[3, 5, 8]","[1, 2, 4, 6, 7, 9, 10, 11, 12, 13, 14, 15, 16]"
3.010299957,n_x_0,n_p_0,148,"[1, 3, 5, 8]","[2, 4, 6, 7, 9, 10, 11, 12, 13, 14, 15, 16]"
3.010299957,n_x_0,n_p_0,149,"[2, 3, 5, 8]","[1, 4, 6, 7, 9, 10, 11, 12, 13, 14, 15, 16]"
2.041199827,n_x_0,n_p_0,150,"[1, 2, 3, 5, 8]","[4, 6, 7, 9, 10, 11, 12, 13, 14, 15, 16]"
3.590219426,n_x_0+n_x_2,n_p_0+n_p_7,151,"[4, 5, 8]","[1, 2, 3, 6, 7, 9, 10, 11, 12, 13, 14, 15, 16]"
3.010299957,n_x_0,n_p_0,152,"[1, 4, 5, 8]","[2, 3, 6, 7, 9, 10, 11, 12, 13, 14, 15, 16]"
3.010299957,n_x_0,n_p_0,153,"[2, 4, 5, 8]","[1, 3, 6, 7, 9, 10, 11, 12, 13, 14, 15, 16]"
2.041199827,n_x_0,n_p_0,154,"[1, 2, 4, 5, 8]","[3, 6, 7, 9, 10, 11, 12, 13, 14, 15, 16]"
3.010299957,n_x_0,n_p_0,155,"[3, 4, 5, 8]","[1, 2, 6, 7, 9, 10, 11, 12, 13, 14, 15, 16]"
2.041199827,n_x_0,n_p_0,156,"[1, 3, 4, 5, 8]","[2, 6, 7, 9, 10, 11, 12, 13, 14, 15, 16]"
2.041199827,n_x_0,n_p_0,157,"[2, 3, 4, 5, 8]","[1, 6, 7, 9, 10, 11, 12, 13, 14, 15, 16]"
1.249387366,n_x_0,n_p_0,158,"[1, 2, 3, 4, 5, 8]","[6, 7, 9, 10, 11, 12, 13, 14, 15, 16]"
3.979400087,n_x_0+n_x_1+n_x_2,n_p_0+n_p_20,159,"[6, 8]","[1, 2, 3, 4, 5, 7, 9, 10, 11, 12, 13, 14, 15, 16]"
3.590219426,n_x_0+n_x_1,n_p_0+n_p_20,160,"[1, 6, 8]","[2, 3, 4, 5, 7, 9, 10, 11, 12, 13, 14, 15, 16]"
3.590219426,n_x_0+n_x_1,n_p_0+n_p_20,161,"[2, 6, 8]","[1, 3, 4, 5, 7, 9, 10, 11, 12, 13, 14, 15, 16]"
3.010299957,n_x_0,n_p_0,162,"[1, 2, 6, 8]","[3, 4, 5, 7, 9, 10, 11, 12, 13, 14, 15, 16]"
3.590219426,n_x_0+n_x_2,n_p_0+n_p_20,163,"[3, 6, 8]","[1, 2, 4, 5, 7, 9, 10, 11, 12, 13, 14, 15, 16]"
3.010299957,n_x_0,n_p_0,164,"[1, 3, 6, 8]","[2, 4, 5, 7, 9, 10, 11, 12, 13, 14, 15, 16]"
3.010299957,n_x_0,n_p_0,165,"[2, 3, 6, 8]","[1, 4, 5, 7, 9, 10, 11, 12, 13, 14, 15, 16]"
2.041199827,n_x_0,n_p_0,166,"[1, 2, 3, 6, 8]","[4, 5, 7, 9, 10, 11, 12, 13, 14, 15, 16]"
3.590219426,n_x_0+n_x_2,n_p_0+n_p_20,167,"[4, 6, 8]","[1, 2, 3, 5, 7, 9, 10, 11, 12, 13, 14, 15, 16]"
3.010299957,n_x_0,n_p_0,168,"[1, 4, 6, 8]","[2, 3, 5, 7, 9, 10, 11, 12, 13, 14, 15, 16]"
3.010299957,n_x_0,n_p_0,169,"[2, 4, 6, 8]","[1, 3, 5, 7, 9, 10, 11, 12, 13, 14, 15, 16]"
2.041199827,n_x_0,n_p_0,170,"[1, 2, 4, 6, 8]","[3, 5, 7, 9, 10, 11, 12, 13, 14, 15, 16]"
3.010299957,n_x_0,n_p_0,171,"[3, 4, 6, 8]","[1, 2, 5, 7, 9, 10, 11, 12, 13, 14, 15, 16]"
2.041199827,n_x_0,n_p_0,172,"[1, 3, 4, 6, 8]","[2, 5, 7, 9, 10, 11, 12, 13, 14, 15, 16]"
2.041199827,n_x_0,n_p_0,173,"[2, 3, 4, 6, 8]","[1, 5, 7, 9, 10, 11, 12, 13, 14, 15, 16]"
1.249387366,n_x_0,n_p_0,174,"[1, 2, 3, 4, 6, 8]","[5, 7, 9, 10, 11, 12, 13, 14, 15, 16]"
3.010299957,n_x_0+n_x_2,n_p_0-n_p_6,175,"[5, 6, 8]","[1, 2, 3, 4, 7, 9, 10, 11, 12, 13, 14, 15, 16]"
3.010299957,n_x_0,n_p_0,176,"[1, 5, 6, 8]","[2, 3, 4, 7, 9, 10, 11, 12, 13, 14, 15, 16]"
3.010299957,n_x_0,n_p_0,177,"[2, 5, 6, 8]","[1, 3, 4, 7, 9, 10, 11, 12, 13, 14, 15, 16]"
2.041199827,n_x_0,n_p_0,178,"[1, 2, 5, 6, 8]","[3, 4, 7, 9, 10, 11, 12, 13, 14, 15, 16]"
3.010299957,n_x_0,n_p_0,179,"[3, 5, 6, 8]","[1, 2, 4, 7, 9, 10, 11, 12, 13, 14, 15, 16]"
2.041199827,n_x_0,n_p_0,180,"[1, 3, 5, 6, 8]","[2, 4, 7, 9, 10, 11, 12, 13, 14, 15, 16]"
2.041199827,n_x_0,n_p_0,181,"[2, 3, 5, 6, 8]","[1, 4, 7, 9, 10, 11, 12, 13, 14, 15, 16]"
1.249387366,n_x_0,n_p_0,182,"[1, 2, 3, 5, 6, 8]","[4, 7, 9, 10, 11, 12, 13, 14, 15, 16]"
3.010299957,n_x_0,n_p_0,183,"[4, 5, 6, 8]","[1, 2, 3, 7, 9, 10, 11, 12, 13, 14, 15, 16]"
2.041199827,n_x_0,n_p_0,184,"[1, 4, 5, 6, 8]","[2, 3, 7, 9, 10, 11, 12, 13, 14, 15, 16]"
2.041199827,n_x_0,n_p_0,185,"[2, 4, 5, 6, 8]","[1, 3, 7, 9, 10, 11, 12, 13, 14, 15, 16]"
1.249387366,n_x_0,n_p_0,186,"[1, 2, 4, 5, 6, 8]","[3, 7, 9, 10, 11, 12, 13, 14, 15, 16]"
2.041199827,n_x_0,n_p_0,187,"[3, 4, 5, 6, 8]","[1, 2, 7, 9, 10, 11, 12, 13, 14, 15, 16]"
1.249387366,n_x_0,n_p_0,188,"[1, 3, 4, 5, 6, 8]","[2, 7, 9, 10, 11, 12, 13, 14, 15, 16]"
1.249387366,n_x_0,n_p_0,189,"[2, 3, 4, 5, 6, 8]","[1, 7, 9, 10, 11, 12, 13, 14, 15, 16]"
0.57991947,n_x_0,n_p_0,190,"[1, 2, 3, 4, 5, 6, 8]","[7, 9, 10, 11, 12, 13, 14, 15, 16]"
3.010299957,n_x_0+n_x_1,n_p_0+n_p_6,191,"[7, 8]","[1, 2, 3, 4, 5, 6, 9, 10, 11, 12, 13, 14, 15, 16]"
3.010299957,n_x_0+n_x_1,n_p_0+n_p_6,192,"[1, 7, 8]","[2, 3, 4, 5, 6, 9, 10, 11, 12, 13, 14, 15, 16]"
3.010299957,n_x_0+n_x_1,n_p_0+n_p_6,193,"[2, 7, 8]","[1, 3, 4, 5, 6, 9, 10, 11, 12, 13, 14, 15, 16]"
3.010299957,n_x_0,n_p_0,194,"[1, 2, 7, 8]","[3, 4, 5, 6, 9, 10, 11, 12, 13, 14, 15, 16]"
3.010299957,n_x_0+n_x_1,n_p_0+n_p_6,195,"[3, 7, 8]","[1, 2, 4, 5, 6, 9, 10, 11, 12, 13, 14, 15, 16]"
3.010299957,n_x_0,n_p_0,196,"[1, 3, 7, 8]","[2, 4, 5, 6, 9, 10, 11, 12, 13, 14, 15, 16]"
3.010299957,n_x_0,n_p_0,197,"[2, 3, 7, 8]","[1, 4, 5, 6, 9, 10, 11, 12, 13, 14, 15, 16]"
2.041199827,n_x_0,n_p_0,198,"[1, 2, 3, 7, 8]","[4, 5, 6, 9, 10, 11, 12, 13, 14, 15, 16]"
3.010299957,n_x_0+n_x_1,n_p_0+n_p_6,199,"[4, 7, 8]","[1, 2, 3, 5, 6, 9, 10, 11, 12, 13, 14, 15, 16]"
3.010299957,n_x_0,n_p_0,200,"[1, 4, 7, 8]","[2, 3, 5, 6, 9, 10, 11, 12, 13, 14, 15, 16]"
3.010299957,n_x_0,n_p_0,201,"[2, 4, 7, 8]","[1, 3, 5, 6, 9, 10, 11, 12, 13, 14, 15, 16]"
2.041199827,n_x_0,n_p_0,202,"[1, 2, 4, 7, 8]","[3, 5, 6, 9, 10, 11, 12, 13, 14, 15, 16]"
3.010299957,n_x_0,n_p_0,203,"[3, 4, 7, 8]","[1, 2, 5, 6, 9, 10, 11, 12, 13, 14, 15, 16]"
2.041199827,n_x_0,n_p_0,204,"[1, 3, 4, 7, 8]","[2, 5, 6, 9, 10, 11, 12, 13, 14, 15, 16]"
2.041199827,n_x_0,n_p_0,205,"[2, 3, 4, 7, 8]","[1, 5, 6, 9, 10, 11, 12, 13, 14, 15, 16]"
1.249387366,n_x_0,n_p_0,206,"[1, 2, 3, 4, 7, 8]","[5, 6, 9, 10, 11, 12, 13, 14, 15, 16]"
3.010299957,n_x_0+n_x_1,n_p_0+n_p_6,207,"[5, 7, 8]","[1, 2, 3, 4, 6, 9, 10, 11, 12, 13, 14, 15, 16]"
3.010299957,n_x_0,n_p_0,208,"[1, 5, 7, 8]","[2, 3, 4, 6, 9, 10, 11, 12, 13, 14, 15, 16]"
3.010299957,n_x_0,n_p_0,209,"[2, 5, 7, 8]","[1, 3, 4, 6, 9, 10, 11, 12, 13, 14, 15, 16]"
2.041199827,n_x_0,n_p_0,210,"[1, 2, 5, 7, 8]","[3, 4, 6, 9, 10, 11, 12, 13, 14, 15, 16]"
3.010299957,n_x_0,n_p_0,211,"[3, 5, 7, 8]","[1, 2, 4, 6, 9, 10, 11, 12, 13, 14, 15, 16]"
2.041199827,n_x_0,n_p_0,212,"[1, 3, 5, 7, 8]","[2, 4, 6, 9, 10, 11, 12, 13, 14, 15, 16]"
2.041199827,n_x_0,n_p_0,213,"[2, 3, 5, 7, 8]","[1, 4, 6, 9, 10, 11, 12, 13, 14, 15, 16]"
1.249387366,n_x_0,n_p_0,214,"[1, 2, 3, 5, 7, 8]","[4, 6, 9, 10, 11, 12, 13, 14, 15, 16]"
3.010299957,n_x_0,n_p_0,215,"[4, 5, 7, 8]","[1, 2, 3, 6, 9, 10, 11, 12, 13, 14, 15, 16]"
2.041199827,n_x_0,n_p_0,216,"[1, 4, 5, 7, 8]","[2, 3, 6, 9, 10, 11, 12, 13, 14, 15, 16]"
2.041199827,n_x_0,n_p_0,217,"[2, 4, 5, 7, 8]","[1, 3, 6, 9, 10, 11, 12, 13, 14, 15, 16]"
1.249387366,n_x_0,n_p_0,218,"[1, 2, 4, 5, 7, 8]","[3, 6, 9, 10, 11, 12, 13, 14, 15, 16]"
2.041199827,n_x_0,n_p_0,219,"[3, 4, 5, 7, 8]","[1, 2, 6, 9, 10, 11, 12, 13, 14, 15, 16]"
1.249387366,n_x_0,n_p_0,220,"[1, 3, 4, 5, 7, 8]","[2, 6, 9, 10, 11, 12, 13, 14, 15, 16]"
1.249387366,n_x_0,n_p_0,221,"[2, 3, 4, 5, 7, 8]","[1, 6, 9, 10, 11, 12, 13, 14, 15, 16]"
0.57991947,n_x_0,n_p_0,222,"[1, 2, 3, 4, 5, 7, 8]","[6, 9, 10, 11, 12, 13, 14, 15, 16]"
3.010299957,n_x_0+n_x_1,n_p_0+n_p_6,223,"[6, 7, 8]","[1, 2, 3, 4, 5, 9, 10, 11, 12, 13, 14, 15, 16]"
3.010299957,n_x_0,n_p_0,224,"[1, 6, 7, 8]","[2, 3, 4, 5, 9, 10, 11, 12, 13, 14, 15, 16]"
3.010299957,n_x_0,n_p_0,225,"[2, 6, 7, 8]","[1, 3, 4, 5, 9, 10, 11, 12, 13, 14, 15, 16]"
2.041199827,n_x_0,n_p_0,226,"[1, 2, 6, 7, 8]","[3, 4, 5, 9, 10, 11, 12, 13, 14, 15, 16]"
3.010299957,n_x_0,n_p_0,227,"[3, 6, 7, 8]","[1, 2, 4, 5, 9, 10, 11, 12, 13, 14, 15, 16]"
2.041199827,n_x_0,n_p_0,228,"[1, 3, 6, 7, 8]","[2, 4, 5, 9, 10, 11, 12, 13, 14, 15, 16]"
2.041199827,n_x_0,n_p_0,229,"[2, 3, 6, 7, 8]","[1, 4, 5, 9, 10, 11, 12, 13, 14, 15, 16]"
1.249387366,n_x_0,n_p_0,230,"[1, 2, 3, 6, 7, 8]","[4, 5, 9, 10, 11, 12, 13, 14, 15, 16]"
3.010299957,n_x_0,n_p_0,231,"[4, 6, 7, 8]","[1, 2, 3, 5, 9, 10, 11, 12, 13, 14, 15, 16]"
2.041199827,n_x_0,n_p_0,232,"[1, 4, 6, 7, 8]","[2, 3, 5, 9, 10, 11, 12, 13, 14, 15, 16]"
2.041199827,n_x_0,n_p_0,233,"[2, 4, 6, 7, 8]","[1, 3, 5, 9, 10, 11, 12, 13, 14, 15, 16]"
1.249387366,n_x_0,n_p_0,234,"[1, 2, 4, 6, 7, 8]","[3, 5, 9, 10, 11, 12, 13, 14, 15, 16]"
2.041199827,n_x_0,n_p_0,235,"[3, 4, 6, 7, 8]","[1, 2, 5, 9, 10, 11, 12, 13, 14, 15, 16]"
1.249387366,n_x_0,n_p_0,236,"[1, 3, 4, 6, 7, 8]","[2, 5, 9, 10, 11, 12, 13, 14, 15, 16]"
1.249387366,n_x_0,n_p_0,237,"[2, 3, 4, 6, 7, 8]","[1, 5, 9, 10, 11, 12, 13, 14, 15, 16]"
0.57991947,n_x_0,n_p_0,238,"[1, 2, 3, 4, 6, 7, 8]","[5, 9, 10, 11, 12, 13, 14, 15, 16]"
3.010299957,n_x_0,n_p_0,239,"[5, 6, 7, 8]","[1, 2, 3, 4, 9, 10, 11, 12, 13, 14, 15, 16]"
2.041199827,n_x_0,n_p_0,240,"[1, 5, 6, 7, 8]","[2, 3, 4, 9, 10, 11, 12, 13, 14, 15, 16]"
2.041199827,n_x_0,n_p_0,241,"[2, 5, 6, 7, 8]","[1, 3, 4, 9, 10, 11, 12, 13, 14, 15, 16]"
1.249387366,n_x_0,n_p_0,242,"[1, 2, 5, 6, 7, 8]","[3, 4, 9, 10, 11, 12, 13, 14, 15, 16]"
2.041199827,n_x_0,n_p_0,243,"[3, 5, 6, 7, 8]","[1, 2, 4, 9, 10, 11, 12, 13, 14, 15, 16]"
1.249387366,n_x_0,n_p_0,244,"[1, 3, 5, 6, 7, 8]","[2, 4, 9, 10, 11, 12, 13, 14, 15, 16]"
1.249387366,n_x_0,n_p_0,245,"[2, 3, 5, 6, 7, 8]","[1, 4, 9, 10, 11, 12, 13, 14, 15, 16]"
0.57991947,n_x_0,n_p_0,246,"[1, 2, 3, 5, 6, 7, 8]","[4, 9, 10, 11, 12, 13, 14, 15, 16]"
2.041199827,n_x_0,n_p_0,247,"[4, 5, 6, 7, 8]","[1, 2, 3, 9, 10, 11, 12, 13, 14, 15, 16]"
1.249387366,n_x_0,n_p_0,248,"[1, 4, 5, 6, 7, 8]","[2, 3, 9, 10, 11, 12, 13, 14, 15, 16]"
1.249387366,n_x_0,n_p_0,249,"[2, 4, 5, 6, 7, 8]","[1, 3, 9, 10, 11, 12, 13, 14, 15, 16]"
0.57991947,n_x_0,n_p_0,250,"[1, 2, 4, 5, 6, 7, 8]","[3, 9, 10, 11, 12, 13, 14, 15, 16]"
1.249387366,n_x_0,n_p_0,251,"[3, 4, 5, 6, 7, 8]","[1, 2, 9, 10, 11, 12, 13, 14, 15, 16]"
0.57991947,n_x_0,n_p_0,252,"[1, 3, 4, 5, 6, 7, 8]","[2, 9, 10, 11, 12, 13, 14, 15, 16]"
0.57991947,n_x_0,n_p_0,253,"[2, 3, 4, 5, 6, 7, 8]","[1, 9, 10, 11, 12, 13, 14, 15, 16]"
0,n_x_0,n_p_0,254,"[1, 2, 3, 4, 5, 6, 7, 8]","[9, 10, 11, 12, 13, 14, 15, 16]"
4.259687323,n_x_0-n_x_1+n_x_8+n_x_25+n_x_4,n_p_0+n_p_6+n_p_19,7,[4],"[1, 2, 3, 5, 6, 7, 8, 9, 10, 11, 12, 13, 14, 15, 16]"
3.979400087,n_x_0+n_x_5+n_x_6,n_p_2-n_p_4,256,"[1, 9]","[2, 3, 4, 5, 6, 7, 8, 10, 11, 12, 13, 14, 15, 16]"
3.979400087,n_x_0+n_x_5+n_x_6,n_p_2+n_p_8,257,"[2, 9]","[1, 3, 4, 5, 6, 7, 8, 10, 11, 12, 13, 14, 15, 16]"
3.010299957,n_x_0+n_x_6,n_p_2-n_p_0,258,"[1, 2, 9]","[3, 4, 5, 6, 7, 8, 10, 11, 12, 13, 14, 15, 16]"
4.259687323,n_x_0+n_x_2-n_x_7+n_x_22+n_x_3,n_p_0-n_p_6+n_p_20,31,[6],"[1, 2, 3, 4, 5, 7, 8, 9, 10, 11, 12, 13, 14, 15, 16]"
3.979400087,n_x_0+n_x_5+n_x_6,n_p_2-n_p_4,260,"[1, 3, 9]","[2, 4, 5, 6, 7, 8, 10, 11, 12, 13, 14, 15, 16]"
3.590219426,n_x_0+n_x_5,n_p_8+n_p_2,261,"[2, 3, 9]","[1, 4, 5, 6, 7, 8, 10, 11, 12, 13, 14, 15, 16]"
3.590219426,n_x_0+n_x_5,n_p_2+n_p_8,262,"[1, 2, 3, 9]","[4, 5, 6, 7, 8, 10, 11, 12, 13, 14, 15, 16]"
4.259687323,n_x_0-n_x_2-n_x_4-n_x_8-n_x_25,n_p_0-n_p_6+n_p_19,1,[2],"[1, 3, 4, 5, 6, 7, 8, 9, 10, 11, 12, 13, 14, 15, 16]"
3.979400087,n_x_0+n_x_5+n_x_6,n_p_2-n_p_4,264,"[1, 4, 9]","[2, 3, 5, 6, 7, 8, 10, 11, 12, 13, 14, 15, 16]"
3.979400087,n_x_0+n_x_6+n_x_5,n_p_2+n_p_8,265,"[2, 4, 9]","[1, 3, 5, 6, 7, 8, 10, 11, 12, 13, 14, 15, 16]"
3.010299957,n_x_0+n_x_6,n_p_2-n_p_0,266,"[1, 2, 4, 9]","[3, 5, 6, 7, 8, 10, 11, 12, 13, 14, 15, 16]"
3.590219426,n_x_0-n_x_6,n_p_1-n_p_0,267,"[3, 4, 9]","[1, 2, 5, 6, 7, 8, 10, 11, 12, 13, 14, 15, 16]"
3.590219426,n_x_0-n_x_1,n_p_0+n_p_6,268,"[1, 3, 4, 9]","[2, 5, 6, 7, 8, 10, 11, 12, 13, 14, 15, 16]"
3.590219426,n_x_0-n_x_1,n_p_0+n_p_6,269,"[2, 3, 4, 9]","[1, 5, 6, 7, 8, 10, 11, 12, 13, 14, 15, 16]"
3.010299957,n_x_0-n_x_1,n_p_0-n_p_2,270,"[1, 2, 3, 4, 9]","[5, 6, 7, 8, 10, 11, 12, 13, 14, 15, 16]"
6.020599913,n_x_0-n_x_6,n_p_1-n_p_25,263,"[4, 9]","[1, 2, 3, 5, 6, 7, 8, 10, 11, 12, 13, 14, 15, 16]"
3.979400087,n_x_0+n_x_6,n_p_4+n_p_0+n_p_7,272,"[1, 5, 9]","[2, 3, 4, 6, 7, 8, 10, 11, 12, 13, 14, 15, 16]"
3.979400087,n_x_0-n_x_8+n_x_7,n_p_6-n_p_0,273,"[2, 5, 9]","[1, 3, 4, 6, 7, 8, 10, 11, 12, 13, 14, 15, 16]"
3.010299957,n_x_0-n_x_2,n_p_6-n_p_0,274,"[1, 2, 5, 9]","[3, 4, 6, 7, 8, 10, 11, 12, 13, 14, 15, 16]"
3.881801714,n_x_0-n_x_1-n_x_11+n_x_2-n_x_12+n_x_6,n_p_8-n_p_0-n_p_5-n_p_7+n_p_20,275,"[3, 5, 9]","[1, 2, 4, 6, 7, 8, 10, 11, 12, 13, 14, 15, 16]"
3.979400087,n_x_0-n_x_1-n_x_2,n_p_0-n_p_19,276,"[1, 3, 5, 9]","[2, 4, 6, 7, 8, 10, 11, 12, 13, 14, 15, 16]"
3.590219426,n_x_0-n_x_1,n_p_8-n_p_0,277,"[2, 3, 5, 9]","[1, 4, 6, 7, 8, 10, 11, 12, 13, 14, 15, 16]"
3.590219426,n_x_0-n_x_1,n_p_0-n_p_8,278,"[1, 2, 3, 5, 9]","[4, 6, 7, 8, 10, 11, 12, 13, 14, 15, 16]"
6.020599913,n_x_0+n_x_5,n_p_4-n_p_8,271,"[5, 9]","[1, 2, 3, 4, 6, 7, 8, 10, 11, 12, 13, 14, 15, 16]"
3.979400087,n_x_0-n_x_2-n_x_1,n_p_0+n_p_8,280,"[1, 4, 5, 9]","[2, 3, 6, 7, 8, 10, 11, 12, 13, 14, 15, 16]"
3.979400087,n_x_0-n_x_1-n_x_2,n_p_0+n_p_19,281,"[2, 4, 5, 9]","[1, 3, 6, 7, 8, 10, 11, 12, 13, 14, 15, 16]"
3.010299957,n_x_0-n_x_2,n_p_0-n_p_6,282,"[1, 2, 4, 5, 9]","[3, 6, 7, 8, 10, 11, 12, 13, 14, 15, 16]"
3.590219426,n_x_0-n_x_1,n_p_0+n_p_6,283,"[3, 4, 5, 9]","[1, 2, 6, 7, 8, 10, 11, 12, 13, 14, 15, 16]"
3.590219426,n_x_0-n_x_1,n_p_0+n_p_4,284,"[1, 3, 4, 5, 9]","[2, 6, 7, 8, 10, 11, 12, 13, 14, 15, 16]"
3.590219426,n_x_0-n_x_1,n_p_0+n_p_6,285,"[2, 3, 4, 5, 9]","[1, 6, 7, 8, 10, 11, 12, 13, 14, 15, 16]"
3.010299957,n_x_0,n_p_0,286,"[1, 2, 3, 4, 5, 9]","[6, 7, 8, 10, 11, 12, 13, 14, 15, 16]"
4.259687323,n_x_0+n_x_2-n_x_4+n_x_8-n_x_25,n_p_0-n_p_5-n_p_17,255,[9],"[1, 2, 3, 4, 5, 6, 7, 8, 10, 11, 12, 13, 14, 15, 16]"
3.979400087,n_x_0+n_x_6,n_p_4+n_p_0-n_p_7,288,"[1, 6, 9]","[2, 3, 4, 5, 7, 8, 10, 11, 12, 13, 14, 15, 16]"
3.979400087,n_x_0-n_x_8-n_x_7,n_p_6-n_p_0,289,"[2, 6, 9]","[1, 3, 4, 5, 7, 8, 10, 11, 12, 13, 14, 15, 16]"
3.010299957,n_x_0-n_x_2,n_p_6-n_p_0,290,"[1, 2, 6, 9]","[3, 4, 5, 7, 8, 10, 11, 12, 13, 14, 15, 16]"
3.881801714,n_x_0-n_x_1-n_x_11+n_x_2-n_x_12+n_x_6,n_p_8-n_p_0-n_p_5+n_p_7-n_p_20,291,"[3, 6, 9]","[1, 2, 4, 5, 7, 8, 10, 11, 12, 13, 14, 15, 16]"
3.979400087,n_x_0-n_x_1-n_x_2,n_p_0-n_p_19,292,"[1, 3, 6, 9]","[2, 4, 5, 7, 8, 10, 11, 12, 13, 14, 15, 16]"
3.590219426,n_x_0-n_x_1,n_p_8-n_p_0,293,"[2, 3, 6, 9]","[1, 4, 5, 7, 8, 10, 11, 12, 13, 14, 15, 16]"
3.590219426,n_x_0-n_x_1,n_p_0-n_p_8,294,"[1, 2, 3, 6, 9]","[4, 5, 7, 8, 10, 11, 12, 13, 14, 15, 16]"
4.259687323,n_x_0+n_x_1+n_x_3-n_x_7+n_x_22,n_p_0+n_p_6-n_p_20,63,[7],"[1, 2, 3, 4, 5, 6, 8, 9, 10, 11, 12, 13, 14, 15, 16]"
3.979400087,n_x_0-n_x_2-n_x_1,n_p_0+n_p_8,296,"[1, 4, 6, 9]","[2, 3, 5, 7, 8, 10, 11, 12, 13, 14, 15, 16]"
3.979400087,n_x_0-n_x_1-n_x_2,n_p_0+n_p_19,297,"[2, 4, 6, 9]","[1, 3, 5, 7, 8, 10, 11, 12, 13, 14, 15, 16]"
3.010299957,n_x_0-n_x_2,n_p_0-n_p_6,298,"[1, 2, 4, 6, 9]","[3, 5, 7, 8, 10, 11, 12, 13, 14, 15, 16]"
3.590219426,n_x_0-n_x_1,n_p_0+n_p_6,299,"[3, 4, 6, 9]","[1, 2, 5, 7, 8, 10, 11, 12, 13, 14, 15, 16]"
3.590219426,n_x_0-n_x_1,n_p_0+n_p_4,300,"[1, 3, 4, 6, 9]","[2, 5, 7, 8, 10, 11, 12, 13, 14, 15, 16]"
3.590219426,n_x_0-n_x_1,n_p_0+n_p_6,301,"[2, 3, 4, 6, 9]","[1, 5, 7, 8, 10, 11, 12, 13, 14, 15, 16]"
3.010299957,n_x_0,n_p_0,302,"[1, 2, 3, 4, 6, 9]","[5, 7, 8, 10, 11, 12, 13, 14, 15, 16]"
3.979400087,n_x_0+n_x_2,n_p_6-n_p_0-n_p_5,303,"[5, 6, 9]","[1, 2, 3, 4, 7, 8, 10, 11, 12, 13, 14, 15, 16]"
3.010299957,n_x_0+n_x_4,n_p_6-n_p_0,304,"[1, 5, 6, 9]","[2, 3, 4, 7, 8, 10, 11, 12, 13, 14, 15, 16]"
3.010299957,n_x_0-n_x_8,n_p_6-n_p_0,305,"[2, 5, 6, 9]","[1, 3, 4, 7, 8, 10, 11, 12, 13, 14, 15, 16]"
3.010299957,n_x_0,n_p_6,306,"[1, 2, 5, 6, 9]","[3, 4, 7, 8, 10, 11, 12, 13, 14, 15, 16]"
3.802112417,n_x_0-n_x_1+n_x_2,n_p_0-n_p_8+n_p_5,307,"[3, 5, 6, 9]","[1, 2, 4, 7, 8, 10, 11, 12, 13, 14, 15, 16]"
3.590219426,n_x_0-n_x_1,n_p_0-n_p_19,308,"[1, 3, 5, 6, 9]","[2, 4, 7, 8, 10, 11, 12, 13, 14, 15, 16]"
3.010299957,n_x_0-n_x_1,n_p_0-n_p_8,309,"[2, 3, 5, 6, 9]","[1, 4, 7, 8, 10, 11, 12, 13, 14, 15, 16]"
3.010299957,n_x_0,n_p_0,310,"[1, 2, 3, 5, 6, 9]","[4, 7, 8, 10, 11, 12, 13, 14, 15, 16]"
3.979400087,n_x_0+n_x_2,n_p_0-n_p_6+n_p_5,311,"[4, 5, 6, 9]","[1, 2, 3, 7, 8, 10, 11, 12, 13, 14, 15, 16]"
3.010299957,n_x_0+n_x_4,n_p_0-n_p_6,312,"[1, 4, 5, 6, 9]","[2, 3, 7, 8, 10, 11, 12, 13, 14, 15, 16]"
3.590219426,n_x_0-n_x_1,n_p_0+n_p_19,313,"[2, 4, 5, 6, 9]","[1, 3, 7, 8, 10, 11, 12, 13, 14, 15, 16]"
3.010299957,n_x_0,n_p_0,314,"[1, 2, 4, 5, 6, 9]","[3, 7, 8, 10, 11, 12, 13, 14, 15, 16]"
3.590219426,n_x_0-n_x_1,n_p_0+n_p_6,315,"[3, 4, 5, 6, 9]","[1, 2, 7, 8, 10, 11, 12, 13, 14, 15, 16]"
3.010299957,n_x_0,n_p_0,316,"[1, 3, 4, 5, 6, 9]","[2, 7, 8, 10, 11, 12, 13, 14, 15, 16]"
3.010299957,n_x_0,n_p_0,317,"[2, 3, 4, 5, 6, 9]","[1, 7, 8, 10, 11, 12, 13, 14, 15, 16]"
2.041199827,n_x_0,n_p_0,318,"[1, 2, 3, 4, 5, 6, 9]","[7, 8, 10, 11, 12, 13, 14, 15, 16]"
4.259687323,n_x_0+n_x_1-n_x_3+n_x_7-n_x_22,n_p_0+n_p_6+n_p_20,127,[8],"[1, 2, 3, 4, 5, 6, 7, 9, 10, 11, 12, 13, 14, 15, 16]"
3.979400087,n_x_0+n_x_5+n_x_6,n_p_2-n_p_4,320,"[1, 7, 9]","[2, 3, 4, 5, 6, 8, 10, 11, 12, 13, 14, 15, 16]"
3.979400087,n_x_0+n_x_5+n_x_6,n_p_2+n_p_8,321,"[2, 7, 9]","[1, 3, 4, 5, 6, 8, 10, 11, 12, 13, 14, 15, 16]"
3.010299957,n_x_0+n_x_6,n_p_2-n_p_0,322,"[1, 2, 7, 9]","[3, 4, 5, 6, 8, 10, 11, 12, 13, 14, 15, 16]"
3.979400087,n_x_0-n_x_8+n_x_3,n_p_6+n_p_0,323,"[3, 7, 9]","[1, 2, 4, 5, 6, 8, 10, 11, 12, 13, 14, 15, 16]"
3.590219426,n_x_0-n_x_2,n_p_0-n_p_19,324,"[1, 3, 7, 9]","[2, 4, 5, 6, 8, 10, 11, 12, 13, 14, 15, 16]"
3.590219426,n_x_0-n_x_2,n_p_8-n_p_0,325,"[2, 3, 7, 9]","[1, 4, 5, 6, 8, 10, 11, 12, 13, 14, 15, 16]"
3.590219426,n_x_0-n_x_2,n_p_0+n_p_3,326,"[1, 2, 3, 7, 9]","[4, 5, 6, 8, 10, 11, 12, 13, 14, 15, 16]"
4.259687323,n_x_0-n_x_1+n_x_2,n_p_8-n_p_6+n_p_19-n_p_5-n_p_17,259,"[3, 9]","[1, 2, 4, 5, 6, 7, 8, 10, 11, 12, 13, 14, 15, 16]"
3.590219426,n_x_0-n_x_2,n_p_0+n_p_8,328,"[1, 4, 7, 9]","[2, 3, 5, 6, 8, 10, 11, 12, 13, 14, 15, 16]"
3.590219426,n_x_0-n_x_2,n_p_0+n_p_19,329,"[2, 4, 7, 9]","[1, 3, 5, 6, 8, 10, 11, 12, 13, 14, 15, 16]"
3.590219426,n_x_0-n_x_2,n_p_0+n_p_3,330,"[1, 2, 4, 7, 9]","[3, 5, 6, 8, 10, 11, 12, 13, 14, 15, 16]"
3.590219426,n_x_0-n_x_1,n_p_6+n_p_0,331,"[3, 4, 7, 9]","[1, 2, 5, 6, 8, 10, 11, 12, 13, 14, 15, 16]"
3.590219426,n_x_0-n_x_1,n_p_0+n_p_6,332,"[1, 3, 4, 7, 9]","[2, 5, 6, 8, 10, 11, 12, 13, 14, 15, 16]"
3.590219426,n_x_0-n_x_1,n_p_0+n_p_6,333,"[2, 3, 4, 7, 9]","[1, 5, 6, 8, 10, 11, 12, 13, 14, 15, 16]"
3.010299957,n_x_0,n_p_0,334,"[1, 2, 3, 4, 7, 9]","[5, 6, 8, 10, 11, 12, 13, 14, 15, 16]"
6.020599913,n_x_0+n_x_5,n_p_4-n_p_8,287,"[6, 9]","[1, 2, 3, 4, 5, 7, 8, 10, 11, 12, 13, 14, 15, 16]"
3.979400087,n_x_0+n_x_1+n_x_4,n_p_0-n_p_20,336,"[1, 5, 7, 9]","[2, 3, 4, 6, 8, 10, 11, 12, 13, 14, 15, 16]"
3.979400087,n_x_0+n_x_1-n_x_8,n_p_0-n_p_20,337,"[2, 5, 7, 9]","[1, 3, 4, 6, 8, 10, 11, 12, 13, 14, 15, 16]"
3.590219426,n_x_0+n_x_1,n_p_0-n_p_20,338,"[1, 2, 5, 7, 9]","[3, 4, 6, 8, 10, 11, 12, 13, 14, 15, 16]"
3.802112417,n_x_0-n_x_6+n_x_20,n_p_0-n_p_8-n_p_25,339,"[3, 5, 7, 9]","[1, 2, 4, 6, 8, 10, 11, 12, 13, 14, 15, 16]"
3.590219426,n_x_0-n_x_2,n_p_0-n_p_19,340,"[1, 3, 5, 7, 9]","[2, 4, 6, 8, 10, 11, 12, 13, 14, 15, 16]"
3.590219426,n_x_0-n_x_1,n_p_0-n_p_8,341,"[2, 3, 5, 7, 9]","[1, 4, 6, 8, 10, 11, 12, 13, 14, 15, 16]"
3.010299957,n_x_0,n_p_0,342,"[1, 2, 3, 5, 7, 9]","[4, 6, 8, 10, 11, 12, 13, 14, 15, 16]"
5.051499783,n_x_0-n_x_1+n_x_7+n_x_10,n_p_0+n_p_19+n_p_12+n_p_8,279,"[4, 5, 9]","[1, 2, 3, 6, 7, 8, 10, 11, 12, 13, 14, 15, 16]"
3.590219426,n_x_0-n_x_2,n_p_0+n_p_8,344,"[1, 4, 5, 7, 9]","[2, 3, 6, 8, 10, 11, 12, 13, 14, 15, 16]"
3.590219426,n_x_0-n_x_2,n_p_0+n_p_19,345,"[2, 4, 5, 7, 9]","[1, 3, 6, 8, 10, 11, 12, 13, 14, 15, 16]"
3.010299957,n_x_0,n_p_0,346,"[1, 2, 4, 5, 7, 9]","[3, 6, 8, 10, 11, 12, 13, 14, 15, 16]"
3.590219426,n_x_0-n_x_1,n_p_0+n_p_6,347,"[3, 4, 5, 7, 9]","[1, 2, 6, 8, 10, 11, 12, 13, 14, 15, 16]"
3.010299957,n_x_0,n_p_0,348,"[1, 3, 4, 5, 7, 9]","[2, 6, 8, 10, 11, 12, 13, 14, 15, 16]"
3.010299957,n_x_0,n_p_0,349,"[2, 3, 4, 5, 7, 9]","[1, 6, 8, 10, 11, 12, 13, 14, 15, 16]"
2.041199827,n_x_0,n_p_0,350,"[1, 2, 3, 4, 5, 7, 9]","[6, 8, 10, 11, 12, 13, 14, 15, 16]"
4.637572932,n_x_0-n_x_6+n_x_20,n_p_1+n_p_3-n_p_7+n_p_22+n_p_0,319,"[7, 9]","[1, 2, 3, 4, 5, 6, 8, 10, 11, 12, 13, 14, 15, 16]"
3.979400087,n_x_0+n_x_1+n_x_4,n_p_0-n_p_7,352,"[1, 6, 7, 9]","[2, 3, 4, 5, 8, 10, 11, 12, 13, 14, 15, 16]"
3.802112417,n_x_0+n_x_1+n_x_6,n_p_0-n_p_7-n_p_8,353,"[2, 6, 7, 9]","[1, 3, 4, 5, 8, 10, 11, 12, 13, 14, 15, 16]"
3.590219426,n_x_0+n_x_1,n_p_0-n_p_7,354,"[1, 2, 6, 7, 9]","[3, 4, 5, 8, 10, 11, 12, 13, 14, 15, 16]"
3.802112417,n_x_0-n_x_6+n_x_2,n_p_0-n_p_8-n_p_7,355,"[3, 6, 7, 9]","[1, 2, 4, 5, 8, 10, 11, 12, 13, 14, 15, 16]"
3.590219426,n_x_0-n_x_2,n_p_0-n_p_19,356,"[1, 3, 6, 7, 9]","[2, 4, 5, 8, 10, 11, 12, 13, 14, 15, 16]"
3.590219426,n_x_0-n_x_1,n_p_0-n_p_8,357,"[2, 3, 6, 7, 9]","[1, 4, 5, 8, 10, 11, 12, 13, 14, 15, 16]"
3.010299957,n_x_0,n_p_0,358,"[1, 2, 3, 6, 7, 9]","[4, 5, 8, 10, 11, 12, 13, 14, 15, 16]"
5.051499783,n_x_0-n_x_1-n_x_7+n_x_10,n_p_0+n_p_19+n_p_12+n_p_8,295,"[4, 6, 9]","[1, 2, 3, 5, 7, 8, 10, 11, 12, 13, 14, 15, 16]"
3.590219426,n_x_0-n_x_2,n_p_0+n_p_8,360,"[1, 4, 6, 7, 9]","[2, 3, 5, 8, 10, 11, 12, 13, 14, 15, 16]"
3.590219426,n_x_0-n_x_2,n_p_0+n_p_19,361,"[2, 4, 6, 7, 9]","[1, 3, 5, 8, 10, 11, 12, 13, 14, 15, 16]"
3.010299957,n_x_0,n_p_0,362,"[1, 2, 4, 6, 7, 9]","[3, 5, 8, 10, 11, 12, 13, 14, 15, 16]"
3.590219426,n_x_0-n_x_1,n_p_0+n_p_6,363,"[3, 4, 6, 7, 9]","[1, 2, 5, 8, 10, 11, 12, 13, 14, 15, 16]"
3.010299957,n_x_0,n_p_0,364,"[1, 3, 4, 6, 7, 9]","[2, 5, 8, 10, 11, 12, 13, 14, 15, 16]"
3.010299957,n_x_0,n_p_0,365,"[2, 3, 4, 6, 7, 9]","[1, 5, 8, 10, 11, 12, 13, 14, 15, 16]"
2.041199827,n_x_0,n_p_0,366,"[1, 2, 3, 4, 6, 7, 9]","[5, 8, 10, 11, 12, 13, 14, 15, 16]"
3.979400087,n_x_0+n_x_2,n_p_0-n_p_6+n_p_5,367,"[5, 6, 7, 9]","[1, 2, 3, 4, 8, 10, 11, 12, 13, 14, 15, 16]"
3.010299957,n_x_0+n_x_4,n_p_0-n_p_6,368,"[1, 5, 6, 7, 9]","[2, 3, 4, 8, 10, 11, 12, 13, 14, 15, 16]"
3.010299957,n_x_0+n_x_6,n_p_0-n_p_8,369,"[2, 5, 6, 7, 9]","[1, 3, 4, 8, 10, 11, 12, 13, 14, 15, 16]"
3.010299957,n_x_0,n_p_0,370,"[1, 2, 5, 6, 7, 9]","[3, 4, 8, 10, 11, 12, 13, 14, 15, 16]"
3.590219426,n_x_0+n_x_2,n_p_0-n_p_8,371,"[3, 5, 6, 7, 9]","[1, 2, 4, 8, 10, 11, 12, 13, 14, 15, 16]"
3.010299957,n_x_0,n_p_0,372,"[1, 3, 5, 6, 7, 9]","[2, 4, 8, 10, 11, 12, 13, 14, 15, 16]"
3.010299957,n_x_0,n_p_0,373,"[2, 3, 5, 6, 7, 9]","[1, 4, 8, 10, 11, 12, 13, 14, 15, 16]"
2.041199827,n_x_0,n_p_0,374,"[1, 2, 3, 5, 6, 7, 9]","[4, 8, 10, 11, 12, 13, 14, 15, 16]"
3.802112417,n_x_0-n_x_12,n_p_0,375,"[4, 5, 6, 7, 9]","[1, 2, 3, 8, 10, 11, 12, 13, 14, 15, 16]"
3.010299957,n_x_0,n_p_0,376,"[1, 4, 5, 6, 7, 9]","[2, 3, 8, 10, 11, 12, 13, 14, 15, 16]"
3.010299957,n_x_0,n_p_0,377,"[2, 4, 5, 6, 7, 9]","[1, 3, 8, 10, 11, 12, 13, 14, 15, 16]"
2.041199827,n_x_0,n_p_0,378,"[1, 2, 4, 5, 6, 7, 9]","[3, 8, 10, 11, 12, 13, 14, 15, 16]"
3.010299957,n_x_0,n_p_0,379,"[3, 4, 5, 6, 7, 9]","[1, 2, 8, 10, 11, 12, 13, 14, 15, 16]"
2.041199827,n_x_0,n_p_0,380,"[1, 3, 4, 5, 6, 7, 9]","[2, 8, 10, 11, 12, 13, 14, 15, 16]"
2.041199827,n_x_0,n_p_0,381,"[2, 3, 4, 5, 6, 7, 9]","[1, 8, 10, 11, 12, 13, 14, 15, 16]"
1.249387366,n_x_0,n_p_0,382,"[1, 2, 3, 4, 5, 6, 7, 9]","[8, 10, 11, 12, 13, 14, 15, 16]"
4.259687323,n_x_0+n_x_3-n_x_7+n_x_25,n_p_6+n_p_0,327,"[4, 7, 9]","[1, 2, 3, 5, 6, 8, 10, 11, 12, 13, 14, 15, 16]"
3.979400087,n_x_0+n_x_5+n_x_6,n_p_2-n_p_4,384,"[1, 8, 9]","[2, 3, 4, 5, 6, 7, 10, 11, 12, 13, 14, 15, 16]"
3.979400087,n_x_0+n_x_5+n_x_6,n_p_2+n_p_8,385,"[2, 8, 9]","[1, 3, 4, 5, 6, 7, 10, 11, 12, 13, 14, 15, 16]"
3.010299957,n_x_0+n_x_6,n_p_2-n_p_0,386,"[1, 2, 8, 9]","[3, 4, 5, 6, 7, 10, 11, 12, 13, 14, 15, 16]"
3.979400087,n_x_0-n_x_8-n_x_3,n_p_6+n_p_0,387,"[3, 8, 9]","[1, 2, 4, 5, 6, 7, 10, 11, 12, 13, 14, 15, 16]"
3.590219426,n_x_0-n_x_2,n_p_0-n_p_19,388,"[1, 3, 8, 9]","[2, 4, 5, 6, 7, 10, 11, 12, 13, 14, 15, 16]"
3.590219426,n_x_0-n_x_2,n_p_8-n_p_0,389,"[2, 3, 8, 9]","[1, 4, 5, 6, 7, 10, 11, 12, 13, 14, 15, 16]"
3.590219426,n_x_0-n_x_2,n_p_0-n_p_3,390,"[1, 2, 3, 8, 9]","[4, 5, 6, 7, 10, 11, 12, 13, 14, 15, 16]"
4.259687323,n_x_0+n_x_1+n_x_2,n_p_20-n_p_0-n_p_5+n_p_8-n_p_17,335,"[5, 7, 9]","[1, 2, 3, 4, 6, 8, 10, 11, 12, 13, 14, 15, 16]"
3.590219426,n_x_0-n_x_2,n_p_0+n_p_8,392,"[1, 4, 8, 9]","[2, 3, 5, 6, 7, 10, 11, 12, 13, 14, 15, 16]"
3.590219426,n_x_0-n_x_2,n_p_0+n_p_19,393,"[2, 4, 8, 9]","[1, 3, 5, 6, 7, 10, 11, 12, 13, 14, 15, 16]"
3.590219426,n_x_0-n_x_2,n_p_0-n_p_3,394,"[1, 2, 4, 8, 9]","[3, 5, 6, 7, 10, 11, 12, 13, 14, 15, 16]"
3.590219426,n_x_0-n_x_1,n_p_6+n_p_0,395,"[3, 4, 8, 9]","[1, 2, 5, 6, 7, 10, 11, 12, 13, 14, 15, 16]"
3.590219426,n_x_0-n_x_1,n_p_0+n_p_6,396,"[1, 3, 4, 8, 9]","[2, 5, 6, 7, 10, 11, 12, 13, 14, 15, 16]"
3.590219426,n_x_0-n_x_1,n_p_0+n_p_6,397,"[2, 3, 4, 8, 9]","[1, 5, 6, 7, 10, 11, 12, 13, 14, 15, 16]"
3.010299957,n_x_0,n_p_0,398,"[1, 2, 3, 4, 8, 9]","[5, 6, 7, 10, 11, 12, 13, 14, 15, 16]"
4.259687323,n_x_0+n_x_20-n_x_5-n_x_17,n_p_0+n_p_2,343,"[4, 5, 7, 9]","[1, 2, 3, 6, 8, 10, 11, 12, 13, 14, 15, 16]"
3.979400087,n_x_0+n_x_1+n_x_4,n_p_0+n_p_7,400,"[1, 5, 8, 9]","[2, 3, 4, 6, 7, 10, 11, 12, 13, 14, 15, 16]"
3.802112417,n_x_0+n_x_1+n_x_6,n_p_0+n_p_7-n_p_8,401,"[2, 5, 8, 9]","[1, 3, 4, 6, 7, 10, 11, 12, 13, 14, 15, 16]"
3.590219426,n_x_0+n_x_1,n_p_0+n_p_7,402,"[1, 2, 5, 8, 9]","[3, 4, 6, 7, 10, 11, 12, 13, 14, 15, 16]"
3.802112417,n_x_0-n_x_6+n_x_2,n_p_0-n_p_8+n_p_7,403,"[3, 5, 8, 9]","[1, 2, 4, 6, 7, 10, 11, 12, 13, 14, 15, 16]"
3.590219426,n_x_0-n_x_2,n_p_0-n_p_19,404,"[1, 3, 5, 8, 9]","[2, 4, 6, 7, 10, 11, 12, 13, 14, 15, 16]"
3.590219426,n_x_0-n_x_1,n_p_0-n_p_8,405,"[2, 3, 5, 8, 9]","[1, 4, 6, 7, 10, 11, 12, 13, 14, 15, 16]"
3.010299957,n_x_0,n_p_0,406,"[1, 2, 3, 5, 8, 9]","[4, 6, 7, 10, 11, 12, 13, 14, 15, 16]"
4.259687323,n_x_0+n_x_1+n_x_11-n_x_12,n_p_7-n_p_0,351,"[6, 7, 9]","[1, 2, 3, 4, 5, 8, 10, 11, 12, 13, 14, 15, 16]"
3.590219426,n_x_0-n_x_2,n_p_0+n_p_8,408,"[1, 4, 5, 8, 9]","[2, 3, 6, 7, 10, 11, 12, 13, 14, 15, 16]"
3.590219426,n_x_0-n_x_2,n_p_0+n_p_19,409,"[2, 4, 5, 8, 9]","[1, 3, 6, 7, 10, 11, 12, 13, 14, 15, 16]"
3.010299957,n_x_0,n_p_0,410,"[1, 2, 4, 5, 8, 9]","[3, 6, 7, 10, 11, 12, 13, 14, 15, 16]"
3.590219426,n_x_0-n_x_1,n_p_0+n_p_6,411,"[3, 4, 5, 8, 9]","[1, 2, 6, 7, 10, 11, 12, 13, 14, 15, 16]"
3.010299957,n_x_0,n_p_0,412,"[1, 3, 4, 5, 8, 9]","[2, 6, 7, 10, 11, 12, 13, 14, 15, 16]"
3.010299957,n_x_0,n_p_0,413,"[2, 3, 4, 5, 8, 9]","[1, 6, 7, 10, 11, 12, 13, 14, 15, 16]"
2.041199827,n_x_0,n_p_0,414,"[1, 2, 3, 4, 5, 8, 9]","[6, 7, 10, 11, 12, 13, 14, 15, 16]"
4.637572932,n_x_0-n_x_6-n_x_20,n_p_1-n_p_3+n_p_7-n_p_22+n_p_0,383,"[8, 9]","[1, 2, 3, 4, 5, 6, 7, 10, 11, 12, 13, 14, 15, 16]"
3.979400087,n_x_0+n_x_1+n_x_4,n_p_0+n_p_20,416,"[1, 6, 8, 9]","[2, 3, 4, 5, 7, 10, 11, 12, 13, 14, 15, 16]"
3.979400087,n_x_0+n_x_1-n_x_8,n_p_0+n_p_20,417,"[2, 6, 8, 9]","[1, 3, 4, 5, 7, 10, 11, 12, 13, 14, 15, 16]"
4.259687323,n_x_0-n_x_7,n_p_0+n_p_12,359,"[4, 6, 7, 9]","[1, 2, 3, 5, 8, 10, 11, 12, 13, 14, 15, 16]"
3.590219426,n_x_0+n_x_1,n_p_0+n_p_20,418,"[1, 2, 6, 8, 9]","[3, 4, 5, 7, 10, 11, 12, 13, 14, 15, 16]"
3.590219426,n_x_0-n_x_2,n_p_0-n_p_19,420,"[1, 3, 6, 8, 9]","[2, 4, 5, 7, 10, 11, 12, 13, 14, 15, 16]"
3.802112417,n_x_0-n_x_6-n_x_20,n_p_0-n_p_8-n_p_25,419,"[3, 6, 8, 9]","[1, 2, 4, 5, 7, 10, 11, 12, 13, 14, 15, 16]"
3.010299957,n_x_0,n_p_0,422,"[1, 2, 3, 6, 8, 9]","[4, 5, 7, 10, 11, 12, 13, 14, 15, 16]"
3.590219426,n_x_0-n_x_1,n_p_0-n_p_8,421,"[2, 3, 6, 8, 9]","[1, 4, 5, 7, 10, 11, 12, 13, 14, 15, 16]"
3.590219426,n_x_0-n_x_2,n_p_0+n_p_8,424,"[1, 4, 6, 8, 9]","[2, 3, 5, 7, 10, 11, 12, 13, 14, 15, 16]"
3.590219426,n_x_0-n_x_2,n_p_0+n_p_19,425,"[2, 4, 6, 8, 9]","[1, 3, 5, 7, 10, 11, 12, 13, 14, 15, 16]"
3.010299957,n_x_0,n_p_0,426,"[1, 2, 4, 6, 8, 9]","[3, 5, 7, 10, 11, 12, 13, 14, 15, 16]"
3.590219426,n_x_0-n_x_1,n_p_0+n_p_6,427,"[3, 4, 6, 8, 9]","[1, 2, 5, 7, 10, 11, 12, 13, 14, 15, 16]"
3.010299957,n_x_0,n_p_0,428,"[1, 3, 4, 6, 8, 9]","[2, 5, 7, 10, 11, 12, 13, 14, 15, 16]"
3.010299957,n_x_0,n_p_0,429,"[2, 3, 4, 6, 8, 9]","[1, 5, 7, 10, 11, 12, 13, 14, 15, 16]"
2.041199827,n_x_0,n_p_0,430,"[1, 2, 3, 4, 6, 8, 9]","[5, 7, 10, 11, 12, 13, 14, 15, 16]"
3.979400087,n_x_0+n_x_2,n_p_0-n_p_6+n_p_5,431,"[5, 6, 8, 9]","[1, 2, 3, 4, 7, 10, 11, 12, 13, 14, 15, 16]"
3.010299957,n_x_0+n_x_4,n_p_0-n_p_6,432,"[1, 5, 6, 8, 9]","[2, 3, 4, 7, 10, 11, 12, 13, 14, 15, 16]"
3.010299957,n_x_0+n_x_6,n_p_0-n_p_8,433,"[2, 5, 6, 8, 9]","[1, 3, 4, 7, 10, 11, 12, 13, 14, 15, 16]"
3.010299957,n_x_0,n_p_0,434,"[1, 2, 5, 6, 8, 9]","[3, 4, 7, 10, 11, 12, 13, 14, 15, 16]"
3.590219426,n_x_0+n_x_2,n_p_0-n_p_8,435,"[3, 5, 6, 8, 9]","[1, 2, 4, 7, 10, 11, 12, 13, 14, 15, 16]"
3.010299957,n_x_0,n_p_0,436,"[1, 3, 5, 6, 8, 9]","[2, 4, 7, 10, 11, 12, 13, 14, 15, 16]"
3.010299957,n_x_0,n_p_0,437,"[2, 3, 5, 6, 8, 9]","[1, 4, 7, 10, 11, 12, 13, 14, 15, 16]"
2.041199827,n_x_0,n_p_0,438,"[1, 2, 3, 5, 6, 8, 9]","[4, 7, 10, 11, 12, 13, 14, 15, 16]"
3.802112417,n_x_0-n_x_12,n_p_0,439,"[4, 5, 6, 8, 9]","[1, 2, 3, 7, 10, 11, 12, 13, 14, 15, 16]"
3.010299957,n_x_0,n_p_0,440,"[1, 4, 5, 6, 8, 9]","[2, 3, 7, 10, 11, 12, 13, 14, 15, 16]"
3.010299957,n_x_0,n_p_0,441,"[2, 4, 5, 6, 8, 9]","[1, 3, 7, 10, 11, 12, 13, 14, 15, 16]"
2.041199827,n_x_0,n_p_0,442,"[1, 2, 4, 5, 6, 8, 9]","[3, 7, 10, 11, 12, 13, 14, 15, 16]"
3.010299957,n_x_0,n_p_0,443,"[3, 4, 5, 6, 8, 9]","[1, 2, 7, 10, 11, 12, 13, 14, 15, 16]"
2.041199827,n_x_0,n_p_0,444,"[1, 3, 4, 5, 6, 8, 9]","[2, 7, 10, 11, 12, 13, 14, 15, 16]"
2.041199827,n_x_0,n_p_0,445,"[2, 3, 4, 5, 6, 8, 9]","[1, 7, 10, 11, 12, 13, 14, 15, 16]"
1.249387366,n_x_0,n_p_0,446,"[1, 2, 3, 4, 5, 6, 8, 9]","[7, 10, 11, 12, 13, 14, 15, 16]"
3.590219426,n_x_0-n_x_6,n_p_1+n_p_0,447,"[7, 8, 9]","[1, 2, 3, 4, 5, 6, 10, 11, 12, 13, 14, 15, 16]"
3.590219426,n_x_0+n_x_1,n_p_0+n_p_6,448,"[1, 7, 8, 9]","[2, 3, 4, 5, 6, 10, 11, 12, 13, 14, 15, 16]"
3.590219426,n_x_0+n_x_1,n_p_0+n_p_6,449,"[2, 7, 8, 9]","[1, 3, 4, 5, 6, 10, 11, 12, 13, 14, 15, 16]"
3.010299957,n_x_0+n_x_1,n_p_0-n_p_2,450,"[1, 2, 7, 8, 9]","[3, 4, 5, 6, 10, 11, 12, 13, 14, 15, 16]"
3.590219426,n_x_0+n_x_1,n_p_6+n_p_0,451,"[3, 7, 8, 9]","[1, 2, 4, 5, 6, 10, 11, 12, 13, 14, 15, 16]"
3.590219426,n_x_0+n_x_1,n_p_0+n_p_6,452,"[1, 3, 7, 8, 9]","[2, 4, 5, 6, 10, 11, 12, 13, 14, 15, 16]"
3.590219426,n_x_0+n_x_1,n_p_0+n_p_6,453,"[2, 3, 7, 8, 9]","[1, 4, 5, 6, 10, 11, 12, 13, 14, 15, 16]"
3.010299957,n_x_0,n_p_0,454,"[1, 2, 3, 7, 8, 9]","[4, 5, 6, 10, 11, 12, 13, 14, 15, 16]"
3.590219426,n_x_0+n_x_1,n_p_6+n_p_0,455,"[4, 7, 8, 9]","[1, 2, 3, 5, 6, 10, 11, 12, 13, 14, 15, 16]"
3.590219426,n_x_0+n_x_1,n_p_0+n_p_6,456,"[1, 4, 7, 8, 9]","[2, 3, 5, 6, 10, 11, 12, 13, 14, 15, 16]"
3.590219426,n_x_0+n_x_1,n_p_0+n_p_6,457,"[2, 4, 7, 8, 9]","[1, 3, 5, 6, 10, 11, 12, 13, 14, 15, 16]"
3.010299957,n_x_0,n_p_0,458,"[1, 2, 4, 7, 8, 9]","[3, 5, 6, 10, 11, 12, 13, 14, 15, 16]"
3.010299957,n_x_0,n_p_6,459,"[3, 4, 7, 8, 9]","[1, 2, 5, 6, 10, 11, 12, 13, 14, 15, 16]"
3.010299957,n_x_0,n_p_0,460,"[1, 3, 4, 7, 8, 9]","[2, 5, 6, 10, 11, 12, 13, 14, 15, 16]"
3.010299957,n_x_0,n_p_0,461,"[2, 3, 4, 7, 8, 9]","[1, 5, 6, 10, 11, 12, 13, 14, 15, 16]"
2.041199827,n_x_0,n_p_0,462,"[1, 2, 3, 4, 7, 8, 9]","[5, 6, 10, 11, 12, 13, 14, 15, 16]"
3.590219426,n_x_0+n_x_1,n_p_0+n_p_6,463,"[5, 7, 8, 9]","[1, 2, 3, 4, 6, 10, 11, 12, 13, 14, 15, 16]"
3.590219426,n_x_0+n_x_1,n_p_0+n_p_4,464,"[1, 5, 7, 8, 9]","[2, 3, 4, 6, 10, 11, 12, 13, 14, 15, 16]"
3.590219426,n_x_0+n_x_1,n_p_0+n_p_6,465,"[2, 5, 7, 8, 9]","[1, 3, 4, 6, 10, 11, 12, 13, 14, 15, 16]"
3.010299957,n_x_0,n_p_0,466,"[1, 2, 5, 7, 8, 9]","[3, 4, 6, 10, 11, 12, 13, 14, 15, 16]"
3.590219426,n_x_0+n_x_1,n_p_0+n_p_6,467,"[3, 5, 7, 8, 9]","[1, 2, 4, 6, 10, 11, 12, 13, 14, 15, 16]"
3.010299957,n_x_0,n_p_0,468,"[1, 3, 5, 7, 8, 9]","[2, 4, 6, 10, 11, 12, 13, 14, 15, 16]"
3.010299957,n_x_0,n_p_0,469,"[2, 3, 5, 7, 8, 9]","[1, 4, 6, 10, 11, 12, 13, 14, 15, 16]"
2.041199827,n_x_0,n_p_0,470,"[1, 2, 3, 5, 7, 8, 9]","[4, 6, 10, 11, 12, 13, 14, 15, 16]"
3.590219426,n_x_0+n_x_1,n_p_0+n_p_6,471,"[4, 5, 7, 8, 9]","[1, 2, 3, 6, 10, 11, 12, 13, 14, 15, 16]"
3.010299957,n_x_0,n_p_0,472,"[1, 4, 5, 7, 8, 9]","[2, 3, 6, 10, 11, 12, 13, 14, 15, 16]"
3.010299957,n_x_0,n_p_0,473,"[2, 4, 5, 7, 8, 9]","[1, 3, 6, 10, 11, 12, 13, 14, 15, 16]"
2.041199827,n_x_0,n_p_0,474,"[1, 2, 4, 5, 7, 8, 9]","[3, 6, 10, 11, 12, 13, 14, 15, 16]"
3.010299957,n_x_0,n_p_0,475,"[3, 4, 5, 7, 8, 9]","[1, 2, 6, 10, 11, 12, 13, 14, 15, 16]"
2.041199827,n_x_0,n_p_0,476,"[1, 3, 4, 5, 7, 8, 9]","[2, 6, 10, 11, 12, 13, 14, 15, 16]"
2.041199827,n_x_0,n_p_0,477,"[2, 3, 4, 5, 7, 8, 9]","[1, 6, 10, 11, 12, 13, 14, 15, 16]"
1.249387366,n_x_0,n_p_0,478,"[1, 2, 3, 4, 5, 7, 8, 9]","[6, 10, 11, 12, 13, 14, 15, 16]"
3.590219426,n_x_0+n_x_1,n_p_0+n_p_6,479,"[6, 7, 8, 9]","[1, 2, 3, 4, 5, 10, 11, 12, 13, 14, 15, 16]"
3.590219426,n_x_0+n_x_1,n_p_0+n_p_4,480,"[1, 6, 7, 8, 9]","[2, 3, 4, 5, 10, 11, 12, 13, 14, 15, 16]"
3.590219426,n_x_0+n_x_1,n_p_0+n_p_6,481,"[2, 6, 7, 8, 9]","[1, 3, 4, 5, 10, 11, 12, 13, 14, 15, 16]"
3.010299957,n_x_0,n_p_0,482,"[1, 2, 6, 7, 8, 9]","[3, 4, 5, 10, 11, 12, 13, 14, 15, 16]"
3.590219426,n_x_0+n_x_1,n_p_0+n_p_6,483,"[3, 6, 7, 8, 9]","[1, 2, 4, 5, 10, 11, 12, 13, 14, 15, 16]"
3.010299957,n_x_0,n_p_0,484,"[1, 3, 6, 7, 8, 9]","[2, 4, 5, 10, 11, 12, 13, 14, 15, 16]"
3.010299957,n_x_0,n_p_0,485,"[2, 3, 6, 7, 8, 9]","[1, 4, 5, 10, 11, 12, 13, 14, 15, 16]"
2.041199827,n_x_0,n_p_0,486,"[1, 2, 3, 6, 7, 8, 9]","[4, 5, 10, 11, 12, 13, 14, 15, 16]"
3.590219426,n_x_0+n_x_1,n_p_0+n_p_6,487,"[4, 6, 7, 8, 9]","[1, 2, 3, 5, 10, 11, 12, 13, 14, 15, 16]"
3.010299957,n_x_0,n_p_0,488,"[1, 4, 6, 7, 8, 9]","[2, 3, 5, 10, 11, 12, 13, 14, 15, 16]"
3.010299957,n_x_0,n_p_0,489,"[2, 4, 6, 7, 8, 9]","[1, 3, 5, 10, 11, 12, 13, 14, 15, 16]"
2.041199827,n_x_0,n_p_0,490,"[1, 2, 4, 6, 7, 8, 9]","[3, 5, 10, 11, 12, 13, 14, 15, 16]"
3.010299957,n_x_0,n_p_0,491,"[3, 4, 6, 7, 8, 9]","[1, 2, 5, 10, 11, 12, 13, 14, 15, 16]"
2.041199827,n_x_0,n_p_0,492,"[1, 3, 4, 6, 7, 8, 9]","[2, 5, 10, 11, 12, 13, 14, 15, 16]"
2.041199827,n_x_0,n_p_0,493,"[2, 3, 4, 6, 7, 8, 9]","[1, 5, 10, 11, 12, 13, 14, 15, 16]"
1.249387366,n_x_0,n_p_0,494,"[1, 2, 3, 4, 6, 7, 8, 9]","[5, 10, 11, 12, 13, 14, 15, 16]"
3.590219426,n_x_0+n_x_1,n_p_0+n_p_6,495,"[5, 6, 7, 8, 9]","[1, 2, 3, 4, 10, 11, 12, 13, 14, 15, 16]"
3.010299957,n_x_0,n_p_0,496,"[1, 5, 6, 7, 8, 9]","[2, 3, 4, 10, 11, 12, 13, 14, 15, 16]"
3.010299957,n_x_0,n_p_0,497,"[2, 5, 6, 7, 8, 9]","[1, 3, 4, 10, 11, 12, 13, 14, 15, 16]"
2.041199827,n_x_0,n_p_0,498,"[1, 2, 5, 6, 7, 8, 9]","[3, 4, 10, 11, 12, 13, 14, 15, 16]"
3.010299957,n_x_0,n_p_0,499,"[3, 5, 6, 7, 8, 9]","[1, 2, 4, 10, 11, 12, 13, 14, 15, 16]"
2.041199827,n_x_0,n_p_0,500,"[1, 3, 5, 6, 7, 8, 9]","[2, 4, 10, 11, 12, 13, 14, 15, 16]"
2.041199827,n_x_0,n_p_0,501,"[2, 3, 5, 6, 7, 8, 9]","[1, 4, 10, 11, 12, 13, 14, 15, 16]"
1.249387366,n_x_0,n_p_0,502,"[1, 2, 3, 5, 6, 7, 8, 9]","[4, 10, 11, 12, 13, 14, 15, 16]"
3.010299957,n_x_0,n_p_0,503,"[4, 5, 6, 7, 8, 9]","[1, 2, 3, 10, 11, 12, 13, 14, 15, 16]"
2.041199827,n_x_0,n_p_0,504,"[1, 4, 5, 6, 7, 8, 9]","[2, 3, 10, 11, 12, 13, 14, 15, 16]"
2.041199827,n_x_0,n_p_0,505,"[2, 4, 5, 6, 7, 8, 9]","[1, 3, 10, 11, 12, 13, 14, 15, 16]"
1.249387366,n_x_0,n_p_0,506,"[1, 2, 4, 5, 6, 7, 8, 9]","[3, 10, 11, 12, 13, 14, 15, 16]"
2.041199827,n_x_0,n_p_0,507,"[3, 4, 5, 6, 7, 8, 9]","[1, 2, 10, 11, 12, 13, 14, 15, 16]"
1.249387366,n_x_0,n_p_0,508,"[1, 3, 4, 5, 6, 7, 8, 9]","[2, 10, 11, 12, 13, 14, 15, 16]"
1.249387366,n_x_0,n_p_0,509,"[2, 3, 4, 5, 6, 7, 8, 9]","[1, 10, 11, 12, 13, 14, 15, 16]"
0.57991947,n_x_0,n_p_0,510,"[1, 2, 3, 4, 5, 6, 7, 8, 9]","[10, 11, 12, 13, 14, 15, 16]"
4.259687323,n_x_0+n_x_7,n_p_0+n_p_12,407,"[4, 5, 8, 9]","[1, 2, 3, 6, 7, 10, 11, 12, 13, 14, 15, 16]"
3.979400087,n_x_0+n_x_5+n_x_6,n_p_2-n_p_8,512,"[1, 10]","[2, 3, 4, 5, 6, 7, 8, 9, 11, 12, 13, 14, 15, 16]"
3.979400087,n_x_0+n_x_5+n_x_6,n_p_2+n_p_4,513,"[2, 10]","[1, 3, 4, 5, 6, 7, 8, 9, 11, 12, 13, 14, 15, 16]"
3.010299957,n_x_0+n_x_6,n_p_2-n_p_0,514,"[1, 2, 10]","[3, 4, 5, 6, 7, 8, 9, 11, 12, 13, 14, 15, 16]"
4.259687323,n_x_0-n_x_3+n_x_7+n_x_25,n_p_6+n_p_0,391,"[4, 8, 9]","[1, 2, 3, 5, 6, 7, 10, 11, 12, 13, 14, 15, 16]"
3.979400087,n_x_0+n_x_6+n_x_5,n_p_2-n_p_8,516,"[1, 3, 10]","[2, 4, 5, 6, 7, 8, 9, 11, 12, 13, 14, 15, 16]"
3.979400087,n_x_0+n_x_5+n_x_6,n_p_2+n_p_4,517,"[2, 3, 10]","[1, 4, 5, 6, 7, 8, 9, 11, 12, 13, 14, 15, 16]"
3.010299957,n_x_0+n_x_6,n_p_2-n_p_0,518,"[1, 2, 3, 10]","[4, 5, 6, 7, 8, 9, 11, 12, 13, 14, 15, 16]"
4.259687323,n_x_0+n_x_1+n_x_11-n_x_12,n_p_7+n_p_0,399,"[5, 8, 9]","[1, 2, 3, 4, 6, 7, 10, 11, 12, 13, 14, 15, 16]"
3.590219426,n_x_0+n_x_5,n_p_8-n_p_2,520,"[1, 4, 10]","[2, 3, 5, 6, 7, 8, 9, 11, 12, 13, 14, 15, 16]"
3.979400087,n_x_0+n_x_5+n_x_6,n_p_2+n_p_4,521,"[2, 4, 10]","[1, 3, 5, 6, 7, 8, 9, 11, 12, 13, 14, 15, 16]"
3.590219426,n_x_0+n_x_5,n_p_2-n_p_8,522,"[1, 2, 4, 10]","[3, 5, 6, 7, 8, 9, 11, 12, 13, 14, 15, 16]"
3.590219426,n_x_0-n_x_6,n_p_1-n_p_0,523,"[3, 4, 10]","[1, 2, 5, 6, 7, 8, 9, 11, 12, 13, 14, 15, 16]"
3.590219426,n_x_0-n_x_1,n_p_0+n_p_6,524,"[1, 3, 4, 10]","[2, 5, 6, 7, 8, 9, 11, 12, 13, 14, 15, 16]"
3.590219426,n_x_0-n_x_1,n_p_0+n_p_6,525,"[2, 3, 4, 10]","[1, 5, 6, 7, 8, 9, 11, 12, 13, 14, 15, 16]"
3.010299957,n_x_0-n_x_1,n_p_0-n_p_2,526,"[1, 2, 3, 4, 10]","[5, 6, 7, 8, 9, 11, 12, 13, 14, 15, 16]"
4.259687323,n_x_0+n_x_1+n_x_2,n_p_20+n_p_0+n_p_5-n_p_8+n_p_17,415,"[6, 8, 9]","[1, 2, 3, 4, 5, 7, 10, 11, 12, 13, 14, 15, 16]"
3.979400087,n_x_0+n_x_8+n_x_7,n_p_6-n_p_0,528,"[1, 5, 10]","[2, 3, 4, 6, 7, 8, 9, 11, 12, 13, 14, 15, 16]"
3.979400087,n_x_0+n_x_6,n_p_4-n_p_0-n_p_7,529,"[2, 5, 10]","[1, 3, 4, 6, 7, 8, 9, 11, 12, 13, 14, 15, 16]"
3.010299957,n_x_0-n_x_2,n_p_6-n_p_0,530,"[1, 2, 5, 10]","[3, 4, 6, 7, 8, 9, 11, 12, 13, 14, 15, 16]"
4.259687323,n_x_0+n_x_2+n_x_4-n_x_8+n_x_25,n_p_0-n_p_5+n_p_17,511,[10],"[1, 2, 3, 4, 5, 6, 7, 8, 9, 11, 12, 13, 14, 15, 16]"
3.979400087,n_x_0-n_x_1-n_x_2,n_p_0-n_p_19,532,"[1, 3, 5, 10]","[2, 4, 6, 7, 8, 9, 11, 12, 13, 14, 15, 16]"
3.979400087,n_x_0-n_x_2-n_x_1,n_p_0-n_p_8,533,"[2, 3, 5, 10]","[1, 4, 6, 7, 8, 9, 11, 12, 13, 14, 15, 16]"
3.010299957,n_x_0-n_x_2,n_p_0-n_p_6,534,"[1, 2, 3, 5, 10]","[4, 6, 7, 8, 9, 11, 12, 13, 14, 15, 16]"
3.881801714,n_x_0-n_x_1-n_x_11+n_x_2-n_x_12+n_x_6,n_p_8+n_p_0+n_p_5+n_p_7-n_p_20,535,"[4, 5, 10]","[1, 2, 3, 6, 7, 8, 9, 11, 12, 13, 14, 15, 16]"
3.590219426,n_x_0-n_x_1,n_p_8+n_p_0,536,"[1, 4, 5, 10]","[2, 3, 6, 7, 8, 9, 11, 12, 13, 14, 15, 16]"
3.979400087,n_x_0-n_x_1-n_x_2,n_p_0+n_p_19,537,"[2, 4, 5, 10]","[1, 3, 6, 7, 8, 9, 11, 12, 13, 14, 15, 16]"
3.590219426,n_x_0-n_x_1,n_p_0+n_p_8,538,"[1, 2, 4, 5, 10]","[3, 6, 7, 8, 9, 11, 12, 13, 14, 15, 16]"
3.590219426,n_x_0-n_x_1,n_p_0+n_p_6,539,"[3, 4, 5, 10]","[1, 2, 6, 7, 8, 9, 11, 12, 13, 14, 15, 16]"
3.590219426,n_x_0-n_x_1,n_p_0+n_p_6,540,"[1, 3, 4, 5, 10]","[2, 6, 7, 8, 9, 11, 12, 13, 14, 15, 16]"
3.590219426,n_x_0-n_x_1,n_p_0-n_p_4,541,"[2, 3, 4, 5, 10]","[1, 6, 7, 8, 9, 11, 12, 13, 14, 15, 16]"
3.010299957,n_x_0,n_p_0,542,"[1, 2, 3, 4, 5, 10]","[6, 7, 8, 9, 11, 12, 13, 14, 15, 16]"
4.259687323,n_x_0-n_x_20-n_x_5-n_x_17,n_p_0+n_p_2,423,"[4, 6, 8, 9]","[1, 2, 3, 5, 7, 10, 11, 12, 13, 14, 15, 16]"
3.979400087,n_x_0+n_x_8-n_x_7,n_p_6-n_p_0,544,"[1, 6, 10]","[2, 3, 4, 5, 7, 8, 9, 11, 12, 13, 14, 15, 16]"
3.979400087,n_x_0+n_x_6,n_p_4-n_p_0+n_p_7,545,"[2, 6, 10]","[1, 3, 4, 5, 7, 8, 9, 11, 12, 13, 14, 15, 16]"
3.010299957,n_x_0-n_x_2,n_p_6-n_p_0,546,"[1, 2, 6, 10]","[3, 4, 5, 7, 8, 9, 11, 12, 13, 14, 15, 16]"
6.020599913,n_x_0+n_x_5,n_p_4-n_p_8,527,"[5, 10]","[1, 2, 3, 4, 6, 7, 8, 9, 11, 12, 13, 14, 15, 16]"
3.979400087,n_x_0-n_x_1-n_x_2,n_p_0-n_p_19,548,"[1, 3, 6, 10]","[2, 4, 5, 7, 8, 9, 11, 12, 13, 14, 15, 16]"
3.979400087,n_x_0-n_x_2-n_x_1,n_p_0-n_p_8,549,"[2, 3, 6, 10]","[1, 4, 5, 7, 8, 9, 11, 12, 13, 14, 15, 16]"
3.010299957,n_x_0-n_x_2,n_p_0-n_p_6,550,"[1, 2, 3, 6, 10]","[4, 5, 7, 8, 9, 11, 12, 13, 14, 15, 16]"
3.881801714,n_x_0-n_x_1-n_x_11+n_x_2-n_x_12+n_x_6,n_p_8+n_p_0+n_p_5-n_p_7+n_p_20,551,"[4, 6, 10]","[1, 2, 3, 5, 7, 8, 9, 11, 12, 13, 14, 15, 16]"
3.590219426,n_x_0-n_x_1,n_p_8+n_p_0,552,"[1, 4, 6, 10]","[2, 3, 5, 7, 8, 9, 11, 12, 13, 14, 15, 16]"
3.979400087,n_x_0-n_x_1-n_x_2,n_p_0+n_p_19,553,"[2, 4, 6, 10]","[1, 3, 5, 7, 8, 9, 11, 12, 13, 14, 15, 16]"
3.590219426,n_x_0-n_x_1,n_p_0+n_p_8,554,"[1, 2, 4, 6, 10]","[3, 5, 7, 8, 9, 11, 12, 13, 14, 15, 16]"
3.590219426,n_x_0-n_x_1,n_p_0+n_p_6,555,"[3, 4, 6, 10]","[1, 2, 5, 7, 8, 9, 11, 12, 13, 14, 15, 16]"
3.590219426,n_x_0-n_x_1,n_p_0+n_p_6,556,"[1, 3, 4, 6, 10]","[2, 5, 7, 8, 9, 11, 12, 13, 14, 15, 16]"
3.590219426,n_x_0-n_x_1,n_p_0-n_p_4,557,"[2, 3, 4, 6, 10]","[1, 5, 7, 8, 9, 11, 12, 13, 14, 15, 16]"
3.010299957,n_x_0,n_p_0,558,"[1, 2, 3, 4, 6, 10]","[5, 7, 8, 9, 11, 12, 13, 14, 15, 16]"
3.979400087,n_x_0+n_x_2,n_p_6-n_p_0-n_p_5,559,"[5, 6, 10]","[1, 2, 3, 4, 7, 8, 9, 11, 12, 13, 14, 15, 16]"
3.010299957,n_x_0+n_x_8,n_p_6-n_p_0,560,"[1, 5, 6, 10]","[2, 3, 4, 7, 8, 9, 11, 12, 13, 14, 15, 16]"
3.010299957,n_x_0-n_x_4,n_p_6-n_p_0,561,"[2, 5, 6, 10]","[1, 3, 4, 7, 8, 9, 11, 12, 13, 14, 15, 16]"
3.010299957,n_x_0,n_p_6,562,"[1, 2, 5, 6, 10]","[3, 4, 7, 8, 9, 11, 12, 13, 14, 15, 16]"
3.979400087,n_x_0+n_x_2,n_p_0-n_p_6+n_p_5,563,"[3, 5, 6, 10]","[1, 2, 4, 7, 8, 9, 11, 12, 13, 14, 15, 16]"
3.590219426,n_x_0-n_x_1,n_p_0-n_p_19,564,"[1, 3, 5, 6, 10]","[2, 4, 7, 8, 9, 11, 12, 13, 14, 15, 16]"
3.010299957,n_x_0-n_x_4,n_p_0-n_p_6,565,"[2, 3, 5, 6, 10]","[1, 4, 7, 8, 9, 11, 12, 13, 14, 15, 16]"
3.010299957,n_x_0,n_p_0,566,"[1, 2, 3, 5, 6, 10]","[4, 7, 8, 9, 11, 12, 13, 14, 15, 16]"
3.802112417,n_x_0-n_x_1+n_x_2,n_p_0+n_p_8+n_p_5,567,"[4, 5, 6, 10]","[1, 2, 3, 7, 8, 9, 11, 12, 13, 14, 15, 16]"
3.010299957,n_x_0-n_x_1,n_p_0+n_p_8,568,"[1, 4, 5, 6, 10]","[2, 3, 7, 8, 9, 11, 12, 13, 14, 15, 16]"
3.590219426,n_x_0-n_x_1,n_p_0+n_p_19,569,"[2, 4, 5, 6, 10]","[1, 3, 7, 8, 9, 11, 12, 13, 14, 15, 16]"
3.010299957,n_x_0,n_p_0,570,"[1, 2, 4, 5, 6, 10]","[3, 7, 8, 9, 11, 12, 13, 14, 15, 16]"
3.590219426,n_x_0-n_x_1,n_p_0+n_p_6,571,"[3, 4, 5, 6, 10]","[1, 2, 7, 8, 9, 11, 12, 13, 14, 15, 16]"
3.010299957,n_x_0,n_p_0,572,"[1, 3, 4, 5, 6, 10]","[2, 7, 8, 9, 11, 12, 13, 14, 15, 16]"
3.010299957,n_x_0,n_p_0,573,"[2, 3, 4, 5, 6, 10]","[1, 7, 8, 9, 11, 12, 13, 14, 15, 16]"
2.041199827,n_x_0,n_p_0,574,"[1, 2, 3, 4, 5, 6, 10]","[7, 8, 9, 11, 12, 13, 14, 15, 16]"
4.259687323,n_x_0-n_x_1+n_x_2,n_p_8+n_p_6+n_p_19+n_p_5-n_p_17,519,"[4, 10]","[1, 2, 3, 5, 6, 7, 8, 9, 11, 12, 13, 14, 15, 16]"
3.979400087,n_x_0+n_x_5+n_x_6,n_p_2-n_p_8,576,"[1, 7, 10]","[2, 3, 4, 5, 6, 8, 9, 11, 12, 13, 14, 15, 16]"
3.979400087,n_x_0+n_x_5+n_x_6,n_p_2+n_p_4,577,"[2, 7, 10]","[1, 3, 4, 5, 6, 8, 9, 11, 12, 13, 14, 15, 16]"
3.010299957,n_x_0+n_x_6,n_p_2-n_p_0,578,"[1, 2, 7, 10]","[3, 4, 5, 6, 8, 9, 11, 12, 13, 14, 15, 16]"
6.020599913,n_x_0-n_x_6,n_p_1+n_p_25,515,"[3, 10]","[1, 2, 4, 5, 6, 7, 8, 9, 11, 12, 13, 14, 15, 16]"
3.590219426,n_x_0-n_x_2,n_p_0-n_p_19,580,"[1, 3, 7, 10]","[2, 4, 5, 6, 8, 9, 11, 12, 13, 14, 15, 16]"
3.590219426,n_x_0-n_x_2,n_p_0-n_p_8,581,"[2, 3, 7, 10]","[1, 4, 5, 6, 8, 9, 11, 12, 13, 14, 15, 16]"
3.590219426,n_x_0-n_x_2,n_p_0+n_p_3,582,"[1, 2, 3, 7, 10]","[4, 5, 6, 8, 9, 11, 12, 13, 14, 15, 16]"
3.979400087,n_x_0+n_x_8+n_x_3,n_p_6+n_p_0,583,"[4, 7, 10]","[1, 2, 3, 5, 6, 8, 9, 11, 12, 13, 14, 15, 16]"
3.590219426,n_x_0-n_x_2,n_p_8+n_p_0,584,"[1, 4, 7, 10]","[2, 3, 5, 6, 8, 9, 11, 12, 13, 14, 15, 16]"
3.590219426,n_x_0-n_x_2,n_p_0+n_p_19,585,"[2, 4, 7, 10]","[1, 3, 5, 6, 8, 9, 11, 12, 13, 14, 15, 16]"
3.590219426,n_x_0-n_x_2,n_p_0+n_p_3,586,"[1, 2, 4, 7, 10]","[3, 5, 6, 8, 9, 11, 12, 13, 14, 15, 16]"
3.590219426,n_x_0-n_x_1,n_p_6+n_p_0,587,"[3, 4, 7, 10]","[1, 2, 5, 6, 8, 9, 11, 12, 13, 14, 15, 16]"
3.590219426,n_x_0-n_x_1,n_p_0+n_p_6,588,"[1, 3, 4, 7, 10]","[2, 5, 6, 8, 9, 11, 12, 13, 14, 15, 16]"
3.590219426,n_x_0-n_x_1,n_p_0+n_p_6,589,"[2, 3, 4, 7, 10]","[1, 5, 6, 8, 9, 11, 12, 13, 14, 15, 16]"
3.010299957,n_x_0,n_p_0,590,"[1, 2, 3, 4, 7, 10]","[5, 6, 8, 9, 11, 12, 13, 14, 15, 16]"
5.051499783,n_x_0-n_x_1+n_x_7+n_x_10,n_p_0-n_p_19+n_p_12-n_p_8,531,"[3, 5, 10]","[1, 2, 4, 6, 7, 8, 9, 11, 12, 13, 14, 15, 16]"
3.979400087,n_x_0+n_x_1+n_x_8,n_p_0-n_p_20,592,"[1, 5, 7, 10]","[2, 3, 4, 6, 8, 9, 11, 12, 13, 14, 15, 16]"
3.979400087,n_x_0+n_x_1-n_x_4,n_p_0-n_p_20,593,"[2, 5, 7, 10]","[1, 3, 4, 6, 8, 9, 11, 12, 13, 14, 15, 16]"
3.590219426,n_x_0+n_x_1,n_p_0-n_p_20,594,"[1, 2, 5, 7, 10]","[3, 4, 6, 8, 9, 11, 12, 13, 14, 15, 16]"
5.051499783,n_x_0-n_x_1-n_x_7+n_x_10,n_p_0-n_p_19+n_p_12-n_p_8,547,"[3, 6, 10]","[1, 2, 4, 5, 7, 8, 9, 11, 12, 13, 14, 15, 16]"
3.590219426,n_x_0-n_x_2,n_p_0-n_p_19,596,"[1, 3, 5, 7, 10]","[2, 4, 6, 8, 9, 11, 12, 13, 14, 15, 16]"
3.590219426,n_x_0-n_x_2,n_p_0-n_p_8,597,"[2, 3, 5, 7, 10]","[1, 4, 6, 8, 9, 11, 12, 13, 14, 15, 16]"
3.010299957,n_x_0,n_p_0,598,"[1, 2, 3, 5, 7, 10]","[4, 6, 8, 9, 11, 12, 13, 14, 15, 16]"
3.802112417,n_x_0-n_x_6+n_x_20,n_p_0+n_p_8+n_p_25,599,"[4, 5, 7, 10]","[1, 2, 3, 6, 8, 9, 11, 12, 13, 14, 15, 16]"
3.590219426,n_x_0-n_x_1,n_p_0+n_p_8,600,"[1, 4, 5, 7, 10]","[2, 3, 6, 8, 9, 11, 12, 13, 14, 15, 16]"
3.590219426,n_x_0-n_x_2,n_p_0+n_p_19,601,"[2, 4, 5, 7, 10]","[1, 3, 6, 8, 9, 11, 12, 13, 14, 15, 16]"
3.010299957,n_x_0,n_p_0,602,"[1, 2, 4, 5, 7, 10]","[3, 6, 8, 9, 11, 12, 13, 14, 15, 16]"
3.590219426,n_x_0-n_x_1,n_p_0+n_p_6,603,"[3, 4, 5, 7, 10]","[1, 2, 6, 8, 9, 11, 12, 13, 14, 15, 16]"
3.010299957,n_x_0,n_p_0,604,"[1, 3, 4, 5, 7, 10]","[2, 6, 8, 9, 11, 12, 13, 14, 15, 16]"
3.010299957,n_x_0,n_p_0,605,"[2, 3, 4, 5, 7, 10]","[1, 6, 8, 9, 11, 12, 13, 14, 15, 16]"
2.041199827,n_x_0,n_p_0,606,"[1, 2, 3, 4, 5, 7, 10]","[6, 8, 9, 11, 12, 13, 14, 15, 16]"
6.020599913,n_x_0+n_x_5,n_p_4-n_p_8,543,"[6, 10]","[1, 2, 3, 4, 5, 7, 8, 9, 11, 12, 13, 14, 15, 16]"
3.802112417,n_x_0+n_x_1+n_x_6,n_p_0-n_p_7+n_p_8,608,"[1, 6, 7, 10]","[2, 3, 4, 5, 8, 9, 11, 12, 13, 14, 15, 16]"
3.979400087,n_x_0+n_x_1-n_x_4,n_p_0-n_p_7,609,"[2, 6, 7, 10]","[1, 3, 4, 5, 8, 9, 11, 12, 13, 14, 15, 16]"
3.590219426,n_x_0+n_x_1,n_p_0-n_p_7,610,"[1, 2, 6, 7, 10]","[3, 4, 5, 8, 9, 11, 12, 13, 14, 15, 16]"
4.637572932,n_x_0-n_x_6+n_x_20,n_p_1+n_p_3-n_p_7+n_p_22+n_p_0,575,"[7, 10]","[1, 2, 3, 4, 5, 6, 8, 9, 11, 12, 13, 14, 15, 16]"
3.590219426,n_x_0-n_x_2,n_p_0-n_p_19,612,"[1, 3, 6, 7, 10]","[2, 4, 5, 8, 9, 11, 12, 13, 14, 15, 16]"
3.590219426,n_x_0-n_x_2,n_p_0-n_p_8,613,"[2, 3, 6, 7, 10]","[1, 4, 5, 8, 9, 11, 12, 13, 14, 15, 16]"
3.010299957,n_x_0,n_p_0,614,"[1, 2, 3, 6, 7, 10]","[4, 5, 8, 9, 11, 12, 13, 14, 15, 16]"
3.802112417,n_x_0-n_x_6+n_x_2,n_p_0+n_p_8-n_p_7,615,"[4, 6, 7, 10]","[1, 2, 3, 5, 8, 9, 11, 12, 13, 14, 15, 16]"
3.590219426,n_x_0-n_x_1,n_p_0+n_p_8,616,"[1, 4, 6, 7, 10]","[2, 3, 5, 8, 9, 11, 12, 13, 14, 15, 16]"
3.590219426,n_x_0-n_x_2,n_p_0+n_p_19,617,"[2, 4, 6, 7, 10]","[1, 3, 5, 8, 9, 11, 12, 13, 14, 15, 16]"
3.010299957,n_x_0,n_p_0,618,"[1, 2, 4, 6, 7, 10]","[3, 5, 8, 9, 11, 12, 13, 14, 15, 16]"
3.590219426,n_x_0-n_x_1,n_p_0+n_p_6,619,"[3, 4, 6, 7, 10]","[1, 2, 5, 8, 9, 11, 12, 13, 14, 15, 16]"
3.010299957,n_x_0,n_p_0,620,"[1, 3, 4, 6, 7, 10]","[2, 5, 8, 9, 11, 12, 13, 14, 15, 16]"
3.010299957,n_x_0,n_p_0,621,"[2, 3, 4, 6, 7, 10]","[1, 5, 8, 9, 11, 12, 13, 14, 15, 16]"
2.041199827,n_x_0,n_p_0,622,"[1, 2, 3, 4, 6, 7, 10]","[5, 8, 9, 11, 12, 13, 14, 15, 16]"
3.979400087,n_x_0+n_x_2,n_p_0-n_p_6+n_p_5,623,"[5, 6, 7, 10]","[1, 2, 3, 4, 8, 9, 11, 12, 13, 14, 15, 16]"
3.010299957,n_x_0+n_x_6,n_p_0+n_p_8,624,"[1, 5, 6, 7, 10]","[2, 3, 4, 8, 9, 11, 12, 13, 14, 15, 16]"
3.010299957,n_x_0-n_x_4,n_p_0-n_p_6,625,"[2, 5, 6, 7, 10]","[1, 3, 4, 8, 9, 11, 12, 13, 14, 15, 16]"
3.010299957,n_x_0,n_p_0,626,"[1, 2, 5, 6, 7, 10]","[3, 4, 8, 9, 11, 12, 13, 14, 15, 16]"
3.802112417,n_x_0-n_x_12,n_p_0,627,"[3, 5, 6, 7, 10]","[1, 2, 4, 8, 9, 11, 12, 13, 14, 15, 16]"
3.010299957,n_x_0,n_p_0,628,"[1, 3, 5, 6, 7, 10]","[2, 4, 8, 9, 11, 12, 13, 14, 15, 16]"
3.010299957,n_x_0,n_p_0,629,"[2, 3, 5, 6, 7, 10]","[1, 4, 8, 9, 11, 12, 13, 14, 15, 16]"
2.041199827,n_x_0,n_p_0,630,"[1, 2, 3, 5, 6, 7, 10]","[4, 8, 9, 11, 12, 13, 14, 15, 16]"
3.590219426,n_x_0+n_x_2,n_p_0+n_p_8,631,"[4, 5, 6, 7, 10]","[1, 2, 3, 8, 9, 11, 12, 13, 14, 15, 16]"
3.010299957,n_x_0,n_p_0,632,"[1, 4, 5, 6, 7, 10]","[2, 3, 8, 9, 11, 12, 13, 14, 15, 16]"
3.010299957,n_x_0,n_p_0,633,"[2, 4, 5, 6, 7, 10]","[1, 3, 8, 9, 11, 12, 13, 14, 15, 16]"
2.041199827,n_x_0,n_p_0,634,"[1, 2, 4, 5, 6, 7, 10]","[3, 8, 9, 11, 12, 13, 14, 15, 16]"
3.010299957,n_x_0,n_p_0,635,"[3, 4, 5, 6, 7, 10]","[1, 2, 8, 9, 11, 12, 13, 14, 15, 16]"
2.041199827,n_x_0,n_p_0,636,"[1, 3, 4, 5, 6, 7, 10]","[2, 8, 9, 11, 12, 13, 14, 15, 16]"
2.041199827,n_x_0,n_p_0,637,"[2, 3, 4, 5, 6, 7, 10]","[1, 8, 9, 11, 12, 13, 14, 15, 16]"
1.249387366,n_x_0,n_p_0,638,"[1, 2, 3, 4, 5, 6, 7, 10]","[8, 9, 11, 12, 13, 14, 15, 16]"
4.259687323,n_x_0+n_x_3-n_x_7-n_x_25,n_p_6+n_p_0,579,"[3, 7, 10]","[1, 2, 4, 5, 6, 8, 9, 11, 12, 13, 14, 15, 16]"
3.979400087,n_x_0+n_x_5+n_x_6,n_p_2-n_p_8,640,"[1, 8, 10]","[2, 3, 4, 5, 6, 7, 9, 11, 12, 13, 14, 15, 16]"
3.979400087,n_x_0+n_x_5+n_x_6,n_p_2+n_p_4,641,"[2, 8, 10]","[1, 3, 4, 5, 6, 7, 9, 11, 12, 13, 14, 15, 16]"
3.010299957,n_x_0+n_x_6,n_p_2-n_p_0,642,"[1, 2, 8, 10]","[3, 4, 5, 6, 7, 9, 11, 12, 13, 14, 15, 16]"
4.259687323,n_x_0+n_x_1+n_x_2,n_p_20-n_p_0-n_p_5-n_p_8+n_p_17,591,"[5, 7, 10]","[1, 2, 3, 4, 6, 8, 9, 11, 12, 13, 14, 15, 16]"
3.590219426,n_x_0-n_x_2,n_p_0-n_p_19,644,"[1, 3, 8, 10]","[2, 4, 5, 6, 7, 9, 11, 12, 13, 14, 15, 16]"
3.590219426,n_x_0-n_x_2,n_p_0-n_p_8,645,"[2, 3, 8, 10]","[1, 4, 5, 6, 7, 9, 11, 12, 13, 14, 15, 16]"
3.590219426,n_x_0-n_x_2,n_p_0-n_p_3,646,"[1, 2, 3, 8, 10]","[4, 5, 6, 7, 9, 11, 12, 13, 14, 15, 16]"
3.979400087,n_x_0+n_x_8-n_x_3,n_p_6+n_p_0,647,"[4, 8, 10]","[1, 2, 3, 5, 6, 7, 9, 11, 12, 13, 14, 15, 16]"
3.590219426,n_x_0-n_x_2,n_p_8+n_p_0,648,"[1, 4, 8, 10]","[2, 3, 5, 6, 7, 9, 11, 12, 13, 14, 15, 16]"
3.590219426,n_x_0-n_x_2,n_p_0+n_p_19,649,"[2, 4, 8, 10]","[1, 3, 5, 6, 7, 9, 11, 12, 13, 14, 15, 16]"
3.590219426,n_x_0-n_x_2,n_p_0-n_p_3,650,"[1, 2, 4, 8, 10]","[3, 5, 6, 7, 9, 11, 12, 13, 14, 15, 16]"
3.590219426,n_x_0-n_x_1,n_p_6+n_p_0,651,"[3, 4, 8, 10]","[1, 2, 5, 6, 7, 9, 11, 12, 13, 14, 15, 16]"
3.590219426,n_x_0-n_x_1,n_p_0+n_p_6,652,"[1, 3, 4, 8, 10]","[2, 5, 6, 7, 9, 11, 12, 13, 14, 15, 16]"
3.590219426,n_x_0-n_x_1,n_p_0+n_p_6,653,"[2, 3, 4, 8, 10]","[1, 5, 6, 7, 9, 11, 12, 13, 14, 15, 16]"
3.010299957,n_x_0,n_p_0,654,"[1, 2, 3, 4, 8, 10]","[5, 6, 7, 9, 11, 12, 13, 14, 15, 16]"
4.259687323,n_x_0+n_x_20-n_x_5+n_x_17,n_p_0+n_p_2,595,"[3, 5, 7, 10]","[1, 2, 4, 6, 8, 9, 11, 12, 13, 14, 15, 16]"
3.802112417,n_x_0+n_x_1+n_x_6,n_p_0+n_p_7+n_p_8,656,"[1, 5, 8, 10]","[2, 3, 4, 6, 7, 9, 11, 12, 13, 14, 15, 16]"
3.979400087,n_x_0+n_x_1-n_x_4,n_p_0+n_p_7,657,"[2, 5, 8, 10]","[1, 3, 4, 6, 7, 9, 11, 12, 13, 14, 15, 16]"
3.590219426,n_x_0+n_x_1,n_p_0+n_p_7,658,"[1, 2, 5, 8, 10]","[3, 4, 6, 7, 9, 11, 12, 13, 14, 15, 16]"
4.259687323,n_x_0+n_x_1+n_x_11-n_x_12,n_p_7-n_p_0,607,"[6, 7, 10]","[1, 2, 3, 4, 5, 8, 9, 11, 12, 13, 14, 15, 16]"
3.590219426,n_x_0-n_x_2,n_p_0-n_p_19,660,"[1, 3, 5, 8, 10]","[2, 4, 6, 7, 9, 11, 12, 13, 14, 15, 16]"
3.590219426,n_x_0-n_x_2,n_p_0-n_p_8,661,"[2, 3, 5, 8, 10]","[1, 4, 6, 7, 9, 11, 12, 13, 14, 15, 16]"
3.010299957,n_x_0,n_p_0,662,"[1, 2, 3, 5, 8, 10]","[4, 6, 7, 9, 11, 12, 13, 14, 15, 16]"
3.802112417,n_x_0-n_x_6+n_x_2,n_p_0+n_p_8+n_p_7,663,"[4, 5, 8, 10]","[1, 2, 3, 6, 7, 9, 11, 12, 13, 14, 15, 16]"
3.590219426,n_x_0-n_x_1,n_p_0+n_p_8,664,"[1, 4, 5, 8, 10]","[2, 3, 6, 7, 9, 11, 12, 13, 14, 15, 16]"
3.590219426,n_x_0-n_x_2,n_p_0+n_p_19,665,"[2, 4, 5, 8, 10]","[1, 3, 6, 7, 9, 11, 12, 13, 14, 15, 16]"
3.010299957,n_x_0,n_p_0,666,"[1, 2, 4, 5, 8, 10]","[3, 6, 7, 9, 11, 12, 13, 14, 15, 16]"
3.590219426,n_x_0-n_x_1,n_p_0+n_p_6,667,"[3, 4, 5, 8, 10]","[1, 2, 6, 7, 9, 11, 12, 13, 14, 15, 16]"
3.010299957,n_x_0,n_p_0,668,"[1, 3, 4, 5, 8, 10]","[2, 6, 7, 9, 11, 12, 13, 14, 15, 16]"
3.010299957,n_x_0,n_p_0,669,"[2, 3, 4, 5, 8, 10]","[1, 6, 7, 9, 11, 12, 13, 14, 15, 16]"
2.041199827,n_x_0,n_p_0,670,"[1, 2, 3, 4, 5, 8, 10]","[6, 7, 9, 11, 12, 13, 14, 15, 16]"
4.259687323,n_x_0-n_x_7,n_p_0+n_p_12,611,"[3, 6, 7, 10]","[1, 2, 4, 5, 8, 9, 11, 12, 13, 14, 15, 16]"
3.979400087,n_x_0+n_x_1+n_x_8,n_p_0+n_p_20,672,"[1, 6, 8, 10]","[2, 3, 4, 5, 7, 9, 11, 12, 13, 14, 15, 16]"
3.979400087,n_x_0+n_x_1-n_x_4,n_p_0+n_p_20,673,"[2, 6, 8, 10]","[1, 3, 4, 5, 7, 9, 11, 12, 13, 14, 15, 16]"
3.590219426,n_x_0+n_x_1,n_p_0+n_p_20,674,"[1, 2, 6, 8, 10]","[3, 4, 5, 7, 9, 11, 12, 13, 14, 15, 16]"
4.637572932,n_x_0-n_x_6-n_x_20,n_p_1-n_p_3+n_p_7-n_p_22+n_p_0,639,"[8, 10]","[1, 2, 3, 4, 5, 6, 7, 9, 11, 12, 13, 14, 15, 16]"
3.590219426,n_x_0-n_x_2,n_p_0-n_p_19,676,"[1, 3, 6, 8, 10]","[2, 4, 5, 7, 9, 11, 12, 13, 14, 15, 16]"
3.590219426,n_x_0-n_x_2,n_p_0-n_p_8,677,"[2, 3, 6, 8, 10]","[1, 4, 5, 7, 9, 11, 12, 13, 14, 15, 16]"
3.010299957,n_x_0,n_p_0,678,"[1, 2, 3, 6, 8, 10]","[4, 5, 7, 9, 11, 12, 13, 14, 15, 16]"
3.802112417,n_x_0-n_x_6-n_x_20,n_p_0+n_p_8+n_p_25,679,"[4, 6, 8, 10]","[1, 2, 3, 5, 7, 9, 11, 12, 13, 14, 15, 16]"
3.590219426,n_x_0-n_x_1,n_p_0+n_p_8,680,"[1, 4, 6, 8, 10]","[2, 3, 5, 7, 9, 11, 12, 13, 14, 15, 16]"
3.590219426,n_x_0-n_x_2,n_p_0+n_p_19,681,"[2, 4, 6, 8, 10]","[1, 3, 5, 7, 9, 11, 12, 13, 14, 15, 16]"
3.010299957,n_x_0,n_p_0,682,"[1, 2, 4, 6, 8, 10]","[3, 5, 7, 9, 11, 12, 13, 14, 15, 16]"
3.590219426,n_x_0-n_x_1,n_p_0+n_p_6,683,"[3, 4, 6, 8, 10]","[1, 2, 5, 7, 9, 11, 12, 13, 14, 15, 16]"
3.010299957,n_x_0,n_p_0,684,"[1, 3, 4, 6, 8, 10]","[2, 5, 7, 9, 11, 12, 13, 14, 15, 16]"
3.010299957,n_x_0,n_p_0,685,"[2, 3, 4, 6, 8, 10]","[1, 5, 7, 9, 11, 12, 13, 14, 15, 16]"
2.041199827,n_x_0,n_p_0,686,"[1, 2, 3, 4, 6, 8, 10]","[5, 7, 9, 11, 12, 13, 14, 15, 16]"
3.979400087,n_x_0+n_x_2,n_p_0-n_p_6+n_p_5,687,"[5, 6, 8, 10]","[1, 2, 3, 4, 7, 9, 11, 12, 13, 14, 15, 16]"
3.010299957,n_x_0+n_x_6,n_p_0+n_p_8,688,"[1, 5, 6, 8, 10]","[2, 3, 4, 7, 9, 11, 12, 13, 14, 15, 16]"
3.010299957,n_x_0-n_x_4,n_p_0-n_p_6,689,"[2, 5, 6, 8, 10]","[1, 3, 4, 7, 9, 11, 12, 13, 14, 15, 16]"
3.010299957,n_x_0,n_p_0,690,"[1, 2, 5, 6, 8, 10]","[3, 4, 7, 9, 11, 12, 13, 14, 15, 16]"
3.802112417,n_x_0-n_x_12,n_p_0,691,"[3, 5, 6, 8, 10]","[1, 2, 4, 7, 9, 11, 12, 13, 14, 15, 16]"
3.010299957,n_x_0,n_p_0,692,"[1, 3, 5, 6, 8, 10]","[2, 4, 7, 9, 11, 12, 13, 14, 15, 16]"
3.010299957,n_x_0,n_p_0,693,"[2, 3, 5, 6, 8, 10]","[1, 4, 7, 9, 11, 12, 13, 14, 15, 16]"
2.041199827,n_x_0,n_p_0,694,"[1, 2, 3, 5, 6, 8, 10]","[4, 7, 9, 11, 12, 13, 14, 15, 16]"
3.590219426,n_x_0+n_x_2,n_p_0+n_p_8,695,"[4, 5, 6, 8, 10]","[1, 2, 3, 7, 9, 11, 12, 13, 14, 15, 16]"
3.010299957,n_x_0,n_p_0,696,"[1, 4, 5, 6, 8, 10]","[2, 3, 7, 9, 11, 12, 13, 14, 15, 16]"
3.010299957,n_x_0,n_p_0,697,"[2, 4, 5, 6, 8, 10]","[1, 3, 7, 9, 11, 12, 13, 14, 15, 16]"
2.041199827,n_x_0,n_p_0,698,"[1, 2, 4, 5, 6, 8, 10]","[3, 7, 9, 11, 12, 13, 14, 15, 16]"
3.010299957,n_x_0,n_p_0,699,"[3, 4, 5, 6, 8, 10]","[1, 2, 7, 9, 11, 12, 13, 14, 15, 16]"
2.041199827,n_x_0,n_p_0,700,"[1, 3, 4, 5, 6, 8, 10]","[2, 7, 9, 11, 12, 13, 14, 15, 16]"
2.041199827,n_x_0,n_p_0,701,"[2, 3, 4, 5, 6, 8, 10]","[1, 7, 9, 11, 12, 13, 14, 15, 16]"
1.249387366,n_x_0,n_p_0,702,"[1, 2, 3, 4, 5, 6, 8, 10]","[7, 9, 11, 12, 13, 14, 15, 16]"
3.590219426,n_x_0-n_x_6,n_p_1+n_p_0,703,"[7, 8, 10]","[1, 2, 3, 4, 5, 6, 9, 11, 12, 13, 14, 15, 16]"
3.590219426,n_x_0+n_x_1,n_p_0+n_p_6,704,"[1, 7, 8, 10]","[2, 3, 4, 5, 6, 9, 11, 12, 13, 14, 15, 16]"
3.590219426,n_x_0+n_x_1,n_p_0+n_p_6,705,"[2, 7, 8, 10]","[1, 3, 4, 5, 6, 9, 11, 12, 13, 14, 15, 16]"
3.010299957,n_x_0+n_x_1,n_p_0-n_p_2,706,"[1, 2, 7, 8, 10]","[3, 4, 5, 6, 9, 11, 12, 13, 14, 15, 16]"
3.590219426,n_x_0+n_x_1,n_p_6+n_p_0,707,"[3, 7, 8, 10]","[1, 2, 4, 5, 6, 9, 11, 12, 13, 14, 15, 16]"
3.590219426,n_x_0+n_x_1,n_p_0+n_p_6,708,"[1, 3, 7, 8, 10]","[2, 4, 5, 6, 9, 11, 12, 13, 14, 15, 16]"
3.590219426,n_x_0+n_x_1,n_p_0+n_p_6,709,"[2, 3, 7, 8, 10]","[1, 4, 5, 6, 9, 11, 12, 13, 14, 15, 16]"
3.010299957,n_x_0,n_p_0,710,"[1, 2, 3, 7, 8, 10]","[4, 5, 6, 9, 11, 12, 13, 14, 15, 16]"
3.590219426,n_x_0+n_x_1,n_p_6+n_p_0,711,"[4, 7, 8, 10]","[1, 2, 3, 5, 6, 9, 11, 12, 13, 14, 15, 16]"
3.590219426,n_x_0+n_x_1,n_p_0+n_p_6,712,"[1, 4, 7, 8, 10]","[2, 3, 5, 6, 9, 11, 12, 13, 14, 15, 16]"
3.590219426,n_x_0+n_x_1,n_p_0+n_p_6,713,"[2, 4, 7, 8, 10]","[1, 3, 5, 6, 9, 11, 12, 13, 14, 15, 16]"
3.010299957,n_x_0,n_p_0,714,"[1, 2, 4, 7, 8, 10]","[3, 5, 6, 9, 11, 12, 13, 14, 15, 16]"
3.010299957,n_x_0,n_p_6,715,"[3, 4, 7, 8, 10]","[1, 2, 5, 6, 9, 11, 12, 13, 14, 15, 16]"
3.010299957,n_x_0,n_p_0,716,"[1, 3, 4, 7, 8, 10]","[2, 5, 6, 9, 11, 12, 13, 14, 15, 16]"
3.010299957,n_x_0,n_p_0,717,"[2, 3, 4, 7, 8, 10]","[1, 5, 6, 9, 11, 12, 13, 14, 15, 16]"
2.041199827,n_x_0,n_p_0,718,"[1, 2, 3, 4, 7, 8, 10]","[5, 6, 9, 11, 12, 13, 14, 15, 16]"
3.590219426,n_x_0+n_x_1,n_p_0+n_p_6,719,"[5, 7, 8, 10]","[1, 2, 3, 4, 6, 9, 11, 12, 13, 14, 15, 16]"
3.590219426,n_x_0+n_x_1,n_p_0+n_p_6,720,"[1, 5, 7, 8, 10]","[2, 3, 4, 6, 9, 11, 12, 13, 14, 15, 16]"
3.590219426,n_x_0+n_x_1,n_p_0-n_p_4,721,"[2, 5, 7, 8, 10]","[1, 3, 4, 6, 9, 11, 12, 13, 14, 15, 16]"
3.010299957,n_x_0,n_p_0,722,"[1, 2, 5, 7, 8, 10]","[3, 4, 6, 9, 11, 12, 13, 14, 15, 16]"
3.590219426,n_x_0+n_x_1,n_p_0+n_p_6,723,"[3, 5, 7, 8, 10]","[1, 2, 4, 6, 9, 11, 12, 13, 14, 15, 16]"
3.010299957,n_x_0,n_p_0,724,"[1, 3, 5, 7, 8, 10]","[2, 4, 6, 9, 11, 12, 13, 14, 15, 16]"
3.010299957,n_x_0,n_p_0,725,"[2, 3, 5, 7, 8, 10]","[1, 4, 6, 9, 11, 12, 13, 14, 15, 16]"
2.041199827,n_x_0,n_p_0,726,"[1, 2, 3, 5, 7, 8, 10]","[4, 6, 9, 11, 12, 13, 14, 15, 16]"
3.590219426,n_x_0+n_x_1,n_p_0+n_p_6,727,"[4, 5, 7, 8, 10]","[1, 2, 3, 6, 9, 11, 12, 13, 14, 15, 16]"
3.010299957,n_x_0,n_p_0,728,"[1, 4, 5, 7, 8, 10]","[2, 3, 6, 9, 11, 12, 13, 14, 15, 16]"
3.010299957,n_x_0,n_p_0,729,"[2, 4, 5, 7, 8, 10]","[1, 3, 6, 9, 11, 12, 13, 14, 15, 16]"
2.041199827,n_x_0,n_p_0,730,"[1, 2, 4, 5, 7, 8, 10]","[3, 6, 9, 11, 12, 13, 14, 15, 16]"
3.010299957,n_x_0,n_p_0,731,"[3, 4, 5, 7, 8, 10]","[1, 2, 6, 9, 11, 12, 13, 14, 15, 16]"
2.041199827,n_x_0,n_p_0,732,"[1, 3, 4, 5, 7, 8, 10]","[2, 6, 9, 11, 12, 13, 14, 15, 16]"
2.041199827,n_x_0,n_p_0,733,"[2, 3, 4, 5, 7, 8, 10]","[1, 6, 9, 11, 12, 13, 14, 15, 16]"
1.249387366,n_x_0,n_p_0,734,"[1, 2, 3, 4, 5, 7, 8, 10]","[6, 9, 11, 12, 13, 14, 15, 16]"
3.590219426,n_x_0+n_x_1,n_p_0+n_p_6,735,"[6, 7, 8, 10]","[1, 2, 3, 4, 5, 9, 11, 12, 13, 14, 15, 16]"
3.590219426,n_x_0+n_x_1,n_p_0+n_p_6,736,"[1, 6, 7, 8, 10]","[2, 3, 4, 5, 9, 11, 12, 13, 14, 15, 16]"
3.590219426,n_x_0+n_x_1,n_p_0-n_p_4,737,"[2, 6, 7, 8, 10]","[1, 3, 4, 5, 9, 11, 12, 13, 14, 15, 16]"
3.010299957,n_x_0,n_p_0,738,"[1, 2, 6, 7, 8, 10]","[3, 4, 5, 9, 11, 12, 13, 14, 15, 16]"
3.590219426,n_x_0+n_x_1,n_p_0+n_p_6,739,"[3, 6, 7, 8, 10]","[1, 2, 4, 5, 9, 11, 12, 13, 14, 15, 16]"
3.010299957,n_x_0,n_p_0,740,"[1, 3, 6, 7, 8, 10]","[2, 4, 5, 9, 11, 12, 13, 14, 15, 16]"
3.010299957,n_x_0,n_p_0,741,"[2, 3, 6, 7, 8, 10]","[1, 4, 5, 9, 11, 12, 13, 14, 15, 16]"
2.041199827,n_x_0,n_p_0,742,"[1, 2, 3, 6, 7, 8, 10]","[4, 5, 9, 11, 12, 13, 14, 15, 16]"
3.590219426,n_x_0+n_x_1,n_p_0+n_p_6,743,"[4, 6, 7, 8, 10]","[1, 2, 3, 5, 9, 11, 12, 13, 14, 15, 16]"
3.010299957,n_x_0,n_p_0,744,"[1, 4, 6, 7, 8, 10]","[2, 3, 5, 9, 11, 12, 13, 14, 15, 16]"
3.010299957,n_x_0,n_p_0,745,"[2, 4, 6, 7, 8, 10]","[1, 3, 5, 9, 11, 12, 13, 14, 15, 16]"
2.041199827,n_x_0,n_p_0,746,"[1, 2, 4, 6, 7, 8, 10]","[3, 5, 9, 11, 12, 13, 14, 15, 16]"
3.010299957,n_x_0,n_p_0,747,"[3, 4, 6, 7, 8, 10]","[1, 2, 5, 9, 11, 12, 13, 14, 15, 16]"
2.041199827,n_x_0,n_p_0,748,"[1, 3, 4, 6, 7, 8, 10]","[2, 5, 9, 11, 12, 13, 14, 15, 16]"
2.041199827,n_x_0,n_p_0,749,"[2, 3, 4, 6, 7, 8, 10]","[1, 5, 9, 11, 12, 13, 14, 15, 16]"
1.249387366,n_x_0,n_p_0,750,"[1, 2, 3, 4, 6, 7, 8, 10]","[5, 9, 11, 12, 13, 14, 15, 16]"
3.590219426,n_x_0+n_x_1,n_p_0+n_p_6,751,"[5, 6, 7, 8, 10]","[1, 2, 3, 4, 9, 11, 12, 13, 14, 15, 16]"
3.010299957,n_x_0,n_p_0,752,"[1, 5, 6, 7, 8, 10]","[2, 3, 4, 9, 11, 12, 13, 14, 15, 16]"
3.010299957,n_x_0,n_p_0,753,"[2, 5, 6, 7, 8, 10]","[1, 3, 4, 9, 11, 12, 13, 14, 15, 16]"
2.041199827,n_x_0,n_p_0,754,"[1, 2, 5, 6, 7, 8, 10]","[3, 4, 9, 11, 12, 13, 14, 15, 16]"
3.010299957,n_x_0,n_p_0,755,"[3, 5, 6, 7, 8, 10]","[1, 2, 4, 9, 11, 12, 13, 14, 15, 16]"
2.041199827,n_x_0,n_p_0,756,"[1, 3, 5, 6, 7, 8, 10]","[2, 4, 9, 11, 12, 13, 14, 15, 16]"
2.041199827,n_x_0,n_p_0,757,"[2, 3, 5, 6, 7, 8, 10]","[1, 4, 9, 11, 12, 13, 14, 15, 16]"
1.249387366,n_x_0,n_p_0,758,"[1, 2, 3, 5, 6, 7, 8, 10]","[4, 9, 11, 12, 13, 14, 15, 16]"
3.010299957,n_x_0,n_p_0,759,"[4, 5, 6, 7, 8, 10]","[1, 2, 3, 9, 11, 12, 13, 14, 15, 16]"
2.041199827,n_x_0,n_p_0,760,"[1, 4, 5, 6, 7, 8, 10]","[2, 3, 9, 11, 12, 13, 14, 15, 16]"
2.041199827,n_x_0,n_p_0,761,"[2, 4, 5, 6, 7, 8, 10]","[1, 3, 9, 11, 12, 13, 14, 15, 16]"
1.249387366,n_x_0,n_p_0,762,"[1, 2, 4, 5, 6, 7, 8, 10]","[3, 9, 11, 12, 13, 14, 15, 16]"
2.041199827,n_x_0,n_p_0,763,"[3, 4, 5, 6, 7, 8, 10]","[1, 2, 9, 11, 12, 13, 14, 15, 16]"
1.249387366,n_x_0,n_p_0,764,"[1, 3, 4, 5, 6, 7, 8, 10]","[2, 9, 11, 12, 13, 14, 15, 16]"
1.249387366,n_x_0,n_p_0,765,"[2, 3, 4, 5, 6, 7, 8, 10]","[1, 9, 11, 12, 13, 14, 15, 16]"
0.57991947,n_x_0,n_p_0,766,"[1, 2, 3, 4, 5, 6, 7, 8, 10]","[9, 11, 12, 13, 14, 15, 16]"
3.010299957,n_x_0+n_x_2,n_p_0-n_p_5,767,"[9, 10]","[1, 2, 3, 4, 5, 6, 7, 8, 11, 12, 13, 14, 15, 16]"
3.010299957,n_x_0+n_x_5,n_p_2+n_p_0,768,"[1, 9, 10]","[2, 3, 4, 5, 6, 7, 8, 11, 12, 13, 14, 15, 16]"
3.010299957,n_x_0+n_x_5,n_p_2+n_p_0,769,"[2, 9, 10]","[1, 3, 4, 5, 6, 7, 8, 11, 12, 13, 14, 15, 16]"
3.010299957,n_x_0,n_p_2,770,"[1, 2, 9, 10]","[3, 4, 5, 6, 7, 8, 11, 12, 13, 14, 15, 16]"
3.590219426,n_x_0+n_x_5,n_p_2+n_p_0,771,"[3, 9, 10]","[1, 2, 4, 5, 6, 7, 8, 11, 12, 13, 14, 15, 16]"
3.590219426,n_x_0+n_x_5,n_p_2+n_p_0,772,"[1, 3, 9, 10]","[2, 4, 5, 6, 7, 8, 11, 12, 13, 14, 15, 16]"
3.590219426,n_x_0+n_x_5,n_p_2+n_p_0,773,"[2, 3, 9, 10]","[1, 4, 5, 6, 7, 8, 11, 12, 13, 14, 15, 16]"
3.010299957,n_x_0,n_p_2,774,"[1, 2, 3, 9, 10]","[4, 5, 6, 7, 8, 11, 12, 13, 14, 15, 16]"
3.590219426,n_x_0+n_x_5,n_p_2+n_p_0,775,"[4, 9, 10]","[1, 2, 3, 5, 6, 7, 8, 11, 12, 13, 14, 15, 16]"
3.590219426,n_x_0+n_x_5,n_p_2+n_p_0,776,"[1, 4, 9, 10]","[2, 3, 5, 6, 7, 8, 11, 12, 13, 14, 15, 16]"
3.590219426,n_x_0+n_x_5,n_p_2+n_p_0,777,"[2, 4, 9, 10]","[1, 3, 5, 6, 7, 8, 11, 12, 13, 14, 15, 16]"
3.010299957,n_x_0,n_p_2,778,"[1, 2, 4, 9, 10]","[3, 5, 6, 7, 8, 11, 12, 13, 14, 15, 16]"
3.979400087,n_x_0+n_x_2-n_x_6,n_p_1-n_p_5,779,"[3, 4, 9, 10]","[1, 2, 5, 6, 7, 8, 11, 12, 13, 14, 15, 16]"
3.590219426,n_x_0+n_x_5,n_p_2+n_p_1,780,"[1, 3, 4, 9, 10]","[2, 5, 6, 7, 8, 11, 12, 13, 14, 15, 16]"
3.590219426,n_x_0+n_x_5,n_p_2+n_p_1,781,"[2, 3, 4, 9, 10]","[1, 5, 6, 7, 8, 11, 12, 13, 14, 15, 16]"
3.010299957,n_x_0,n_p_2,782,"[1, 2, 3, 4, 9, 10]","[5, 6, 7, 8, 11, 12, 13, 14, 15, 16]"
3.979400087,n_x_0+n_x_2,n_p_5-n_p_0-n_p_6,783,"[5, 9, 10]","[1, 2, 3, 4, 6, 7, 8, 11, 12, 13, 14, 15, 16]"
3.979400087,n_x_0+n_x_5-n_x_6,n_p_2+n_p_0,784,"[1, 5, 9, 10]","[2, 3, 4, 6, 7, 8, 11, 12, 13, 14, 15, 16]"
3.979400087,n_x_0+n_x_5-n_x_6,n_p_2+n_p_0,785,"[2, 5, 9, 10]","[1, 3, 4, 6, 7, 8, 11, 12, 13, 14, 15, 16]"
3.802112417,n_x_0+n_x_5,n_p_2,786,"[1, 2, 5, 9, 10]","[3, 4, 6, 7, 8, 11, 12, 13, 14, 15, 16]"
3.979400087,n_x_0+n_x_2,n_p_5+n_p_7-n_p_20,787,"[3, 5, 9, 10]","[1, 2, 4, 6, 7, 8, 11, 12, 13, 14, 15, 16]"
3.979400087,n_x_0+n_x_8,n_p_2+n_p_6-n_p_5,788,"[1, 3, 5, 9, 10]","[2, 4, 6, 7, 8, 11, 12, 13, 14, 15, 16]"
4.259687323,n_x_0+n_x_1+n_x_11-n_x_12,n_p_7+n_p_0,655,"[5, 8, 10]","[1, 2, 3, 4, 6, 7, 9, 11, 12, 13, 14, 15, 16]"
3.802112417,n_x_0+n_x_5,n_p_2,790,"[1, 2, 3, 5, 9, 10]","[4, 6, 7, 8, 11, 12, 13, 14, 15, 16]"
3.979400087,n_x_0+n_x_2,n_p_5+n_p_7-n_p_20,791,"[4, 5, 9, 10]","[1, 2, 3, 6, 7, 8, 11, 12, 13, 14, 15, 16]"
4.259687323,n_x_0-n_x_3+n_x_7-n_x_25,n_p_6+n_p_0,643,"[3, 8, 10]","[1, 2, 4, 5, 6, 7, 9, 11, 12, 13, 14, 15, 16]"
3.979400087,n_x_0-n_x_8,n_p_2+n_p_6-n_p_5,793,"[2, 4, 5, 9, 10]","[1, 3, 6, 7, 8, 11, 12, 13, 14, 15, 16]"
3.802112417,n_x_0+n_x_5,n_p_2,794,"[1, 2, 4, 5, 9, 10]","[3, 6, 7, 8, 11, 12, 13, 14, 15, 16]"
3.979400087,n_x_0+n_x_2-n_x_6,n_p_1-n_p_5,795,"[3, 4, 5, 9, 10]","[1, 2, 6, 7, 8, 11, 12, 13, 14, 15, 16]"
3.802112417,n_x_0-n_x_1+n_x_8,n_p_0-n_p_2+n_p_5,796,"[1, 3, 4, 5, 9, 10]","[2, 6, 7, 8, 11, 12, 13, 14, 15, 16]"
3.802112417,n_x_0-n_x_1-n_x_8,n_p_0-n_p_2+n_p_5,797,"[2, 3, 4, 5, 9, 10]","[1, 6, 7, 8, 11, 12, 13, 14, 15, 16]"
3.010299957,n_x_0-n_x_1,n_p_0-n_p_2,798,"[1, 2, 3, 4, 5, 9, 10]","[6, 7, 8, 11, 12, 13, 14, 15, 16]"
3.979400087,n_x_0+n_x_2,n_p_5-n_p_0-n_p_6,799,"[6, 9, 10]","[1, 2, 3, 4, 5, 7, 8, 11, 12, 13, 14, 15, 16]"
3.979400087,n_x_0+n_x_5-n_x_6,n_p_2+n_p_0,800,"[1, 6, 9, 10]","[2, 3, 4, 5, 7, 8, 11, 12, 13, 14, 15, 16]"
3.979400087,n_x_0+n_x_5-n_x_6,n_p_2+n_p_0,801,"[2, 6, 9, 10]","[1, 3, 4, 5, 7, 8, 11, 12, 13, 14, 15, 16]"
3.802112417,n_x_0+n_x_5,n_p_2,802,"[1, 2, 6, 9, 10]","[3, 4, 5, 7, 8, 11, 12, 13, 14, 15, 16]"
3.979400087,n_x_0+n_x_2,n_p_5-n_p_7+n_p_20,803,"[3, 6, 9, 10]","[1, 2, 4, 5, 7, 8, 11, 12, 13, 14, 15, 16]"
3.979400087,n_x_0+n_x_8,n_p_2+n_p_6-n_p_5,804,"[1, 3, 6, 9, 10]","[2, 4, 5, 7, 8, 11, 12, 13, 14, 15, 16]"
4.259687323,n_x_0+n_x_1+n_x_2,n_p_20+n_p_0+n_p_5+n_p_8-n_p_17,671,"[6, 8, 10]","[1, 2, 3, 4, 5, 7, 9, 11, 12, 13, 14, 15, 16]"
3.802112417,n_x_0+n_x_5,n_p_2,806,"[1, 2, 3, 6, 9, 10]","[4, 5, 7, 8, 11, 12, 13, 14, 15, 16]"
3.979400087,n_x_0+n_x_2,n_p_5-n_p_7+n_p_20,807,"[4, 6, 9, 10]","[1, 2, 3, 5, 7, 8, 11, 12, 13, 14, 15, 16]"
4.259687323,n_x_0-n_x_20-n_x_5+n_x_17,n_p_0+n_p_2,675,"[3, 6, 8, 10]","[1, 2, 4, 5, 7, 9, 11, 12, 13, 14, 15, 16]"
3.979400087,n_x_0-n_x_8,n_p_2+n_p_6-n_p_5,809,"[2, 4, 6, 9, 10]","[1, 3, 5, 7, 8, 11, 12, 13, 14, 15, 16]"
3.802112417,n_x_0+n_x_5,n_p_2,810,"[1, 2, 4, 6, 9, 10]","[3, 5, 7, 8, 11, 12, 13, 14, 15, 16]"
3.979400087,n_x_0+n_x_2-n_x_6,n_p_1-n_p_5,811,"[3, 4, 6, 9, 10]","[1, 2, 5, 7, 8, 11, 12, 13, 14, 15, 16]"
3.802112417,n_x_0-n_x_1+n_x_8,n_p_0-n_p_2+n_p_5,812,"[1, 3, 4, 6, 9, 10]","[2, 5, 7, 8, 11, 12, 13, 14, 15, 16]"
3.802112417,n_x_0-n_x_1-n_x_8,n_p_0-n_p_2+n_p_5,813,"[2, 3, 4, 6, 9, 10]","[1, 5, 7, 8, 11, 12, 13, 14, 15, 16]"
3.010299957,n_x_0-n_x_1,n_p_0-n_p_2,814,"[1, 2, 3, 4, 6, 9, 10]","[5, 7, 8, 11, 12, 13, 14, 15, 16]"
3.010299957,n_x_0+n_x_2,n_p_5-n_p_6,815,"[5, 6, 9, 10]","[1, 2, 3, 4, 7, 8, 11, 12, 13, 14, 15, 16]"
3.010299957,n_x_0+n_x_2,n_p_6-n_p_5,816,"[1, 5, 6, 9, 10]","[2, 3, 4, 7, 8, 11, 12, 13, 14, 15, 16]"
3.010299957,n_x_0+n_x_2,n_p_6-n_p_5,817,"[2, 5, 6, 9, 10]","[1, 3, 4, 7, 8, 11, 12, 13, 14, 15, 16]"
3.010299957,n_x_0,n_p_6,818,"[1, 2, 5, 6, 9, 10]","[3, 4, 7, 8, 11, 12, 13, 14, 15, 16]"
3.590219426,n_x_0+n_x_2,n_p_5-n_p_6,819,"[3, 5, 6, 9, 10]","[1, 2, 4, 7, 8, 11, 12, 13, 14, 15, 16]"
4.259687323,n_x_0+n_x_7,n_p_0+n_p_12,659,"[3, 5, 8, 10]","[1, 2, 4, 6, 7, 9, 11, 12, 13, 14, 15, 16]"
3.979400087,n_x_0-n_x_1-n_x_2,n_p_0-n_p_8,821,"[2, 3, 5, 6, 9, 10]","[1, 4, 7, 8, 11, 12, 13, 14, 15, 16]"
3.979400087,n_x_0-n_x_1-n_x_2,n_p_0-n_p_19,820,"[1, 3, 5, 6, 9, 10]","[2, 4, 7, 8, 11, 12, 13, 14, 15, 16]"
3.010299957,n_x_0-n_x_2,n_p_0-n_p_6,822,"[1, 2, 3, 5, 6, 9, 10]","[4, 7, 8, 11, 12, 13, 14, 15, 16]"
3.590219426,n_x_0+n_x_2,n_p_5-n_p_6,823,"[4, 5, 6, 9, 10]","[1, 2, 3, 7, 8, 11, 12, 13, 14, 15, 16]"
3.979400087,n_x_0-n_x_1-n_x_2,n_p_0+n_p_8,824,"[1, 4, 5, 6, 9, 10]","[2, 3, 7, 8, 11, 12, 13, 14, 15, 16]"
3.010299957,n_x_0-n_x_2,n_p_0-n_p_6,826,"[1, 2, 4, 5, 6, 9, 10]","[3, 7, 8, 11, 12, 13, 14, 15, 16]"
3.979400087,n_x_0-n_x_1+n_x_2,n_p_0+n_p_5,827,"[3, 4, 5, 6, 9, 10]","[1, 2, 7, 8, 11, 12, 13, 14, 15, 16]"
3.979400087,n_x_0-n_x_1-n_x_2,n_p_0+n_p_19,825,"[2, 4, 5, 6, 9, 10]","[1, 3, 7, 8, 11, 12, 13, 14, 15, 16]"
3.590219426,n_x_0-n_x_1,n_p_0+n_p_5,829,"[2, 3, 4, 5, 6, 9, 10]","[1, 7, 8, 11, 12, 13, 14, 15, 16]"
3.010299957,n_x_0,n_p_0,830,"[1, 2, 3, 4, 5, 6, 9, 10]","[7, 8, 11, 12, 13, 14, 15, 16]"
3.590219426,n_x_0-n_x_1,n_p_0+n_p_5,828,"[1, 3, 4, 5, 6, 9, 10]","[2, 7, 8, 11, 12, 13, 14, 15, 16]"
3.590219426,n_x_0+n_x_5,n_p_2+n_p_0,831,"[7, 9, 10]","[1, 2, 3, 4, 5, 6, 8, 11, 12, 13, 14, 15, 16]"
3.590219426,n_x_0+n_x_5,n_p_2+n_p_0,832,"[1, 7, 9, 10]","[2, 3, 4, 5, 6, 8, 11, 12, 13, 14, 15, 16]"
3.010299957,n_x_0,n_p_2,834,"[1, 2, 7, 9, 10]","[3, 4, 5, 6, 8, 11, 12, 13, 14, 15, 16]"
3.590219426,n_x_0+n_x_5,n_p_2+n_p_0,833,"[2, 7, 9, 10]","[1, 3, 4, 5, 6, 8, 11, 12, 13, 14, 15, 16]"
3.802112417,n_x_0+n_x_5,n_p_2,836,"[1, 3, 7, 9, 10]","[2, 4, 5, 6, 8, 11, 12, 13, 14, 15, 16]"
3.979400087,n_x_0+n_x_5+n_x_6,n_p_2+n_p_0,835,"[3, 7, 9, 10]","[1, 2, 4, 5, 6, 8, 11, 12, 13, 14, 15, 16]"
3.010299957,n_x_0,n_p_2,838,"[1, 2, 3, 7, 9, 10]","[4, 5, 6, 8, 11, 12, 13, 14, 15, 16]"
3.590219426,n_x_0+n_x_5,n_p_2+n_p_8,837,"[2, 3, 7, 9, 10]","[1, 4, 5, 6, 8, 11, 12, 13, 14, 15, 16]"
3.590219426,n_x_0+n_x_5,n_p_2-n_p_8,840,"[1, 4, 7, 9, 10]","[2, 3, 5, 6, 8, 11, 12, 13, 14, 15, 16]"
3.979400087,n_x_0+n_x_5+n_x_6,n_p_2+n_p_0,839,"[4, 7, 9, 10]","[1, 2, 3, 5, 6, 8, 11, 12, 13, 14, 15, 16]"
3.010299957,n_x_0,n_p_2,842,"[1, 2, 4, 7, 9, 10]","[3, 5, 6, 8, 11, 12, 13, 14, 15, 16]"
3.802112417,n_x_0+n_x_5,n_p_2,841,"[2, 4, 7, 9, 10]","[1, 3, 5, 6, 8, 11, 12, 13, 14, 15, 16]"
3.590219426,n_x_0+n_x_2,n_p_6+n_p_5,843,"[3, 4, 7, 9, 10]","[1, 2, 5, 6, 8, 11, 12, 13, 14, 15, 16]"
3.802112417,n_x_0+n_x_5,n_p_2,844,"[1, 3, 4, 7, 9, 10]","[2, 5, 6, 8, 11, 12, 13, 14, 15, 16]"
3.010299957,n_x_0,n_p_2,846,"[1, 2, 3, 4, 7, 9, 10]","[5, 6, 8, 11, 12, 13, 14, 15, 16]"
3.802112417,n_x_0+n_x_5,n_p_2,845,"[2, 3, 4, 7, 9, 10]","[1, 5, 6, 8, 11, 12, 13, 14, 15, 16]"
3.590219426,n_x_0+n_x_2,n_p_5-n_p_20,847,"[5, 7, 9, 10]","[1, 2, 3, 4, 6, 8, 11, 12, 13, 14, 15, 16]"
3.590219426,n_x_0+n_x_2,#NAME?,848,"[1, 5, 7, 9, 10]","[2, 3, 4, 6, 8, 11, 12, 13, 14, 15, 16]"
3.590219426,n_x_0+n_x_2,#NAME?,849,"[2, 5, 7, 9, 10]","[1, 3, 4, 6, 8, 11, 12, 13, 14, 15, 16]"
3.590219426,n_x_0+n_x_5,n_p_2+n_p_20,850,"[1, 2, 5, 7, 9, 10]","[3, 4, 6, 8, 11, 12, 13, 14, 15, 16]"
3.590219426,n_x_0-n_x_2,n_p_0-n_p_19,852,"[1, 3, 5, 7, 9, 10]","[2, 4, 6, 8, 11, 12, 13, 14, 15, 16]"
3.590219426,n_x_0+n_x_2,n_p_5-n_p_20,851,"[3, 5, 7, 9, 10]","[1, 2, 4, 6, 8, 11, 12, 13, 14, 15, 16]"
3.590219426,n_x_0-n_x_2,n_p_0-n_p_8,853,"[2, 3, 5, 7, 9, 10]","[1, 4, 6, 8, 11, 12, 13, 14, 15, 16]"
3.590219426,n_x_0-n_x_2,n_p_0+n_p_3,854,"[1, 2, 3, 5, 7, 9, 10]","[4, 6, 8, 11, 12, 13, 14, 15, 16]"
3.590219426,n_x_0+n_x_2,n_p_5-n_p_20,855,"[4, 5, 7, 9, 10]","[1, 2, 3, 6, 8, 11, 12, 13, 14, 15, 16]"
3.590219426,n_x_0-n_x_2,n_p_0+n_p_19,857,"[2, 4, 5, 7, 9, 10]","[1, 3, 6, 8, 11, 12, 13, 14, 15, 16]"
3.590219426,n_x_0-n_x_2,n_p_0+n_p_8,856,"[1, 4, 5, 7, 9, 10]","[2, 3, 6, 8, 11, 12, 13, 14, 15, 16]"
3.590219426,n_x_0-n_x_2,n_p_0+n_p_3,858,"[1, 2, 4, 5, 7, 9, 10]","[3, 6, 8, 11, 12, 13, 14, 15, 16]"
3.590219426,n_x_0-n_x_2,n_p_0+n_p_8,860,"[1, 3, 4, 5, 7, 9, 10]","[2, 6, 8, 11, 12, 13, 14, 15, 16]"
3.590219426,n_x_0-n_x_2,n_p_0-n_p_8,861,"[2, 3, 4, 5, 7, 9, 10]","[1, 6, 8, 11, 12, 13, 14, 15, 16]"
3.979400087,n_x_0-n_x_1-n_x_2,n_p_0+n_p_6,859,"[3, 4, 5, 7, 9, 10]","[1, 2, 6, 8, 11, 12, 13, 14, 15, 16]"
3.010299957,n_x_0,n_p_0,862,"[1, 2, 3, 4, 5, 7, 9, 10]","[6, 8, 11, 12, 13, 14, 15, 16]"
3.590219426,n_x_0+n_x_2,n_p_5-n_p_7,863,"[6, 7, 9, 10]","[1, 2, 3, 4, 5, 8, 11, 12, 13, 14, 15, 16]"
3.590219426,n_x_0+n_x_2,#NAME?,865,"[2, 6, 7, 9, 10]","[1, 3, 4, 5, 8, 11, 12, 13, 14, 15, 16]"
3.590219426,n_x_0+n_x_5,n_p_2+n_p_7,866,"[1, 2, 6, 7, 9, 10]","[3, 4, 5, 8, 11, 12, 13, 14, 15, 16]"
3.590219426,n_x_0+n_x_2,n_p_5-n_p_7,867,"[3, 6, 7, 9, 10]","[1, 2, 4, 5, 8, 11, 12, 13, 14, 15, 16]"
3.590219426,n_x_0+n_x_2,#NAME?,864,"[1, 6, 7, 9, 10]","[2, 3, 4, 5, 8, 11, 12, 13, 14, 15, 16]"
3.590219426,n_x_0-n_x_2,n_p_0-n_p_19,868,"[1, 3, 6, 7, 9, 10]","[2, 4, 5, 8, 11, 12, 13, 14, 15, 16]"
3.590219426,n_x_0-n_x_2,n_p_0+n_p_3,870,"[1, 2, 3, 6, 7, 9, 10]","[4, 5, 8, 11, 12, 13, 14, 15, 16]"
3.590219426,n_x_0-n_x_2,n_p_0-n_p_8,869,"[2, 3, 6, 7, 9, 10]","[1, 4, 5, 8, 11, 12, 13, 14, 15, 16]"
3.590219426,n_x_0+n_x_2,n_p_5-n_p_7,871,"[4, 6, 7, 9, 10]","[1, 2, 3, 5, 8, 11, 12, 13, 14, 15, 16]"
3.590219426,n_x_0-n_x_2,n_p_0+n_p_8,872,"[1, 4, 6, 7, 9, 10]","[2, 3, 5, 8, 11, 12, 13, 14, 15, 16]"
3.590219426,n_x_0-n_x_2,n_p_0+n_p_19,873,"[2, 4, 6, 7, 9, 10]","[1, 3, 5, 8, 11, 12, 13, 14, 15, 16]"
3.590219426,n_x_0-n_x_2,n_p_0+n_p_3,874,"[1, 2, 4, 6, 7, 9, 10]","[3, 5, 8, 11, 12, 13, 14, 15, 16]"
3.590219426,n_x_0-n_x_2,n_p_0+n_p_8,876,"[1, 3, 4, 6, 7, 9, 10]","[2, 5, 8, 11, 12, 13, 14, 15, 16]"
3.979400087,n_x_0-n_x_1-n_x_2,n_p_0+n_p_6,875,"[3, 4, 6, 7, 9, 10]","[1, 2, 5, 8, 11, 12, 13, 14, 15, 16]"
3.010299957,n_x_0,n_p_0,878,"[1, 2, 3, 4, 6, 7, 9, 10]","[5, 8, 11, 12, 13, 14, 15, 16]"
3.590219426,n_x_0+n_x_2,n_p_5-n_p_6,879,"[5, 6, 7, 9, 10]","[1, 2, 3, 4, 8, 11, 12, 13, 14, 15, 16]"
3.590219426,n_x_0-n_x_2,n_p_0-n_p_8,877,"[2, 3, 4, 6, 7, 9, 10]","[1, 5, 8, 11, 12, 13, 14, 15, 16]"
3.802112417,n_x_0+n_x_4+n_x_2,n_p_0-n_p_6+n_p_5,880,"[1, 5, 6, 7, 9, 10]","[2, 3, 4, 8, 11, 12, 13, 14, 15, 16]"
3.010299957,n_x_0-n_x_2,n_p_0-n_p_6,882,"[1, 2, 5, 6, 7, 9, 10]","[3, 4, 8, 11, 12, 13, 14, 15, 16]"
3.802112417,n_x_0-n_x_4+n_x_2,n_p_0-n_p_6+n_p_5,881,"[2, 5, 6, 7, 9, 10]","[1, 3, 4, 8, 11, 12, 13, 14, 15, 16]"
3.590219426,n_x_0-n_x_2,n_p_0-n_p_19,884,"[1, 3, 5, 6, 7, 9, 10]","[2, 4, 8, 11, 12, 13, 14, 15, 16]"
3.979400087,n_x_0+n_x_2-n_x_12,n_p_0+n_p_5,883,"[3, 5, 6, 7, 9, 10]","[1, 2, 4, 8, 11, 12, 13, 14, 15, 16]"
3.010299957,n_x_0,n_p_0,886,"[1, 2, 3, 5, 6, 7, 9, 10]","[4, 8, 11, 12, 13, 14, 15, 16]"
3.590219426,n_x_0-n_x_2,n_p_0-n_p_8,885,"[2, 3, 5, 6, 7, 9, 10]","[1, 4, 8, 11, 12, 13, 14, 15, 16]"
3.979400087,n_x_0+n_x_2-n_x_12,n_p_0+n_p_5,887,"[4, 5, 6, 7, 9, 10]","[1, 2, 3, 8, 11, 12, 13, 14, 15, 16]"
3.590219426,n_x_0-n_x_2,n_p_0+n_p_8,888,"[1, 4, 5, 6, 7, 9, 10]","[2, 3, 8, 11, 12, 13, 14, 15, 16]"
3.010299957,n_x_0,n_p_0,890,"[1, 2, 4, 5, 6, 7, 9, 10]","[3, 8, 11, 12, 13, 14, 15, 16]"
3.590219426,n_x_0-n_x_2,n_p_0+n_p_19,889,"[2, 4, 5, 6, 7, 9, 10]","[1, 3, 8, 11, 12, 13, 14, 15, 16]"
3.010299957,n_x_0,n_p_0,892,"[1, 3, 4, 5, 6, 7, 9, 10]","[2, 8, 11, 12, 13, 14, 15, 16]"
3.010299957,n_x_0,n_p_0,893,"[2, 3, 4, 5, 6, 7, 9, 10]","[1, 8, 11, 12, 13, 14, 15, 16]"
2.041199827,n_x_0,n_p_0,894,"[1, 2, 3, 4, 5, 6, 7, 9, 10]","[8, 11, 12, 13, 14, 15, 16]"
3.590219426,n_x_0+n_x_2,n_p_0+n_p_5,891,"[3, 4, 5, 6, 7, 9, 10]","[1, 2, 8, 11, 12, 13, 14, 15, 16]"
3.590219426,n_x_0+n_x_5,n_p_2+n_p_0,895,"[8, 9, 10]","[1, 2, 3, 4, 5, 6, 7, 11, 12, 13, 14, 15, 16]"
3.590219426,n_x_0+n_x_5,n_p_2+n_p_0,896,"[1, 8, 9, 10]","[2, 3, 4, 5, 6, 7, 11, 12, 13, 14, 15, 16]"
3.010299957,n_x_0,n_p_2,898,"[1, 2, 8, 9, 10]","[3, 4, 5, 6, 7, 11, 12, 13, 14, 15, 16]"
3.590219426,n_x_0+n_x_5,n_p_2+n_p_0,897,"[2, 8, 9, 10]","[1, 3, 4, 5, 6, 7, 11, 12, 13, 14, 15, 16]"
3.802112417,n_x_0+n_x_5,n_p_2,900,"[1, 3, 8, 9, 10]","[2, 4, 5, 6, 7, 11, 12, 13, 14, 15, 16]"
3.590219426,n_x_0+n_x_5,n_p_2+n_p_8,901,"[2, 3, 8, 9, 10]","[1, 4, 5, 6, 7, 11, 12, 13, 14, 15, 16]"
3.010299957,n_x_0,n_p_2,902,"[1, 2, 3, 8, 9, 10]","[4, 5, 6, 7, 11, 12, 13, 14, 15, 16]"
3.979400087,n_x_0+n_x_5+n_x_6,n_p_2+n_p_0,899,"[3, 8, 9, 10]","[1, 2, 4, 5, 6, 7, 11, 12, 13, 14, 15, 16]"
3.979400087,n_x_0+n_x_5+n_x_6,n_p_2+n_p_0,903,"[4, 8, 9, 10]","[1, 2, 3, 5, 6, 7, 11, 12, 13, 14, 15, 16]"
3.590219426,n_x_0+n_x_5,n_p_2-n_p_8,904,"[1, 4, 8, 9, 10]","[2, 3, 5, 6, 7, 11, 12, 13, 14, 15, 16]"
3.010299957,n_x_0,n_p_2,906,"[1, 2, 4, 8, 9, 10]","[3, 5, 6, 7, 11, 12, 13, 14, 15, 16]"
3.802112417,n_x_0+n_x_5,n_p_2,905,"[2, 4, 8, 9, 10]","[1, 3, 5, 6, 7, 11, 12, 13, 14, 15, 16]"
3.802112417,n_x_0+n_x_5,n_p_2,908,"[1, 3, 4, 8, 9, 10]","[2, 5, 6, 7, 11, 12, 13, 14, 15, 16]"
3.590219426,n_x_0+n_x_2,n_p_6+n_p_5,907,"[3, 4, 8, 9, 10]","[1, 2, 5, 6, 7, 11, 12, 13, 14, 15, 16]"
3.010299957,n_x_0,n_p_2,910,"[1, 2, 3, 4, 8, 9, 10]","[5, 6, 7, 11, 12, 13, 14, 15, 16]"
3.802112417,n_x_0+n_x_5,n_p_2,909,"[2, 3, 4, 8, 9, 10]","[1, 5, 6, 7, 11, 12, 13, 14, 15, 16]"
3.590219426,n_x_0+n_x_2,n_p_5+n_p_7,911,"[5, 8, 9, 10]","[1, 2, 3, 4, 6, 7, 11, 12, 13, 14, 15, 16]"
3.590219426,n_x_0+n_x_2,n_p_5+n_p_7,912,"[1, 5, 8, 9, 10]","[2, 3, 4, 6, 7, 11, 12, 13, 14, 15, 16]"
3.590219426,n_x_0+n_x_5,n_p_2-n_p_7,914,"[1, 2, 5, 8, 9, 10]","[3, 4, 6, 7, 11, 12, 13, 14, 15, 16]"
3.590219426,n_x_0+n_x_2,n_p_5+n_p_7,915,"[3, 5, 8, 9, 10]","[1, 2, 4, 6, 7, 11, 12, 13, 14, 15, 16]"
3.590219426,n_x_0-n_x_2,n_p_0-n_p_19,916,"[1, 3, 5, 8, 9, 10]","[2, 4, 6, 7, 11, 12, 13, 14, 15, 16]"
3.590219426,n_x_0+n_x_2,n_p_5+n_p_7,913,"[2, 5, 8, 9, 10]","[1, 3, 4, 6, 7, 11, 12, 13, 14, 15, 16]"
3.590219426,n_x_0-n_x_2,n_p_0-n_p_8,917,"[2, 3, 5, 8, 9, 10]","[1, 4, 6, 7, 11, 12, 13, 14, 15, 16]"
3.590219426,n_x_0+n_x_2,n_p_5+n_p_7,919,"[4, 5, 8, 9, 10]","[1, 2, 3, 6, 7, 11, 12, 13, 14, 15, 16]"
3.590219426,n_x_0-n_x_2,n_p_0-n_p_3,918,"[1, 2, 3, 5, 8, 9, 10]","[4, 6, 7, 11, 12, 13, 14, 15, 16]"
3.590219426,n_x_0-n_x_2,n_p_0+n_p_8,920,"[1, 4, 5, 8, 9, 10]","[2, 3, 6, 7, 11, 12, 13, 14, 15, 16]"
3.590219426,n_x_0-n_x_2,n_p_0+n_p_19,921,"[2, 4, 5, 8, 9, 10]","[1, 3, 6, 7, 11, 12, 13, 14, 15, 16]"
3.590219426,n_x_0-n_x_2,n_p_0-n_p_3,922,"[1, 2, 4, 5, 8, 9, 10]","[3, 6, 7, 11, 12, 13, 14, 15, 16]"
3.590219426,n_x_0-n_x_2,n_p_0+n_p_8,924,"[1, 3, 4, 5, 8, 9, 10]","[2, 6, 7, 11, 12, 13, 14, 15, 16]"
3.979400087,n_x_0-n_x_1-n_x_2,n_p_0+n_p_6,923,"[3, 4, 5, 8, 9, 10]","[1, 2, 6, 7, 11, 12, 13, 14, 15, 16]"
3.010299957,n_x_0,n_p_0,926,"[1, 2, 3, 4, 5, 8, 9, 10]","[6, 7, 11, 12, 13, 14, 15, 16]"
3.590219426,n_x_0-n_x_2,n_p_0-n_p_8,925,"[2, 3, 4, 5, 8, 9, 10]","[1, 6, 7, 11, 12, 13, 14, 15, 16]"
3.590219426,n_x_0+n_x_2,n_p_5+n_p_20,927,"[6, 8, 9, 10]","[1, 2, 3, 4, 5, 7, 11, 12, 13, 14, 15, 16]"
3.590219426,n_x_0+n_x_2,n_p_5+n_p_20,928,"[1, 6, 8, 9, 10]","[2, 3, 4, 5, 7, 11, 12, 13, 14, 15, 16]"
3.590219426,n_x_0+n_x_5,n_p_2-n_p_20,930,"[1, 2, 6, 8, 9, 10]","[3, 4, 5, 7, 11, 12, 13, 14, 15, 16]"
3.590219426,n_x_0+n_x_2,n_p_5+n_p_20,929,"[2, 6, 8, 9, 10]","[1, 3, 4, 5, 7, 11, 12, 13, 14, 15, 16]"
3.590219426,n_x_0+n_x_2,n_p_5+n_p_20,931,"[3, 6, 8, 9, 10]","[1, 2, 4, 5, 7, 11, 12, 13, 14, 15, 16]"
3.590219426,n_x_0-n_x_2,n_p_0-n_p_19,932,"[1, 3, 6, 8, 9, 10]","[2, 4, 5, 7, 11, 12, 13, 14, 15, 16]"
3.590219426,n_x_0-n_x_2,n_p_0-n_p_8,933,"[2, 3, 6, 8, 9, 10]","[1, 4, 5, 7, 11, 12, 13, 14, 15, 16]"
3.590219426,n_x_0-n_x_2,n_p_0-n_p_3,934,"[1, 2, 3, 6, 8, 9, 10]","[4, 5, 7, 11, 12, 13, 14, 15, 16]"
3.590219426,n_x_0-n_x_2,n_p_0+n_p_8,936,"[1, 4, 6, 8, 9, 10]","[2, 3, 5, 7, 11, 12, 13, 14, 15, 16]"
3.590219426,n_x_0+n_x_2,n_p_5+n_p_20,935,"[4, 6, 8, 9, 10]","[1, 2, 3, 5, 7, 11, 12, 13, 14, 15, 16]"
3.590219426,n_x_0-n_x_2,n_p_0+n_p_19,937,"[2, 4, 6, 8, 9, 10]","[1, 3, 5, 7, 11, 12, 13, 14, 15, 16]"
3.590219426,n_x_0-n_x_2,n_p_0-n_p_3,938,"[1, 2, 4, 6, 8, 9, 10]","[3, 5, 7, 11, 12, 13, 14, 15, 16]"
3.979400087,n_x_0-n_x_1-n_x_2,n_p_0+n_p_6,939,"[3, 4, 6, 8, 9, 10]","[1, 2, 5, 7, 11, 12, 13, 14, 15, 16]"
3.590219426,n_x_0-n_x_2,n_p_0+n_p_8,940,"[1, 3, 4, 6, 8, 9, 10]","[2, 5, 7, 11, 12, 13, 14, 15, 16]"
3.010299957,n_x_0,n_p_0,942,"[1, 2, 3, 4, 6, 8, 9, 10]","[5, 7, 11, 12, 13, 14, 15, 16]"
3.590219426,n_x_0-n_x_2,n_p_0-n_p_8,941,"[2, 3, 4, 6, 8, 9, 10]","[1, 5, 7, 11, 12, 13, 14, 15, 16]"
3.590219426,n_x_0+n_x_2,n_p_5-n_p_6,943,"[5, 6, 8, 9, 10]","[1, 2, 3, 4, 7, 11, 12, 13, 14, 15, 16]"
3.802112417,n_x_0+n_x_4+n_x_2,n_p_0-n_p_6+n_p_5,944,"[1, 5, 6, 8, 9, 10]","[2, 3, 4, 7, 11, 12, 13, 14, 15, 16]"
3.802112417,n_x_0-n_x_4+n_x_2,n_p_0-n_p_6+n_p_5,945,"[2, 5, 6, 8, 9, 10]","[1, 3, 4, 7, 11, 12, 13, 14, 15, 16]"
3.010299957,n_x_0-n_x_2,n_p_0-n_p_6,946,"[1, 2, 5, 6, 8, 9, 10]","[3, 4, 7, 11, 12, 13, 14, 15, 16]"
3.979400087,n_x_0+n_x_2-n_x_12,n_p_0+n_p_5,947,"[3, 5, 6, 8, 9, 10]","[1, 2, 4, 7, 11, 12, 13, 14, 15, 16]"
3.590219426,n_x_0-n_x_2,n_p_0-n_p_19,948,"[1, 3, 5, 6, 8, 9, 10]","[2, 4, 7, 11, 12, 13, 14, 15, 16]"
3.010299957,n_x_0,n_p_0,950,"[1, 2, 3, 5, 6, 8, 9, 10]","[4, 7, 11, 12, 13, 14, 15, 16]"
3.590219426,n_x_0-n_x_2,n_p_0-n_p_8,949,"[2, 3, 5, 6, 8, 9, 10]","[1, 4, 7, 11, 12, 13, 14, 15, 16]"
3.590219426,n_x_0-n_x_2,n_p_0+n_p_8,952,"[1, 4, 5, 6, 8, 9, 10]","[2, 3, 7, 11, 12, 13, 14, 15, 16]"
3.590219426,n_x_0-n_x_2,n_p_0+n_p_19,953,"[2, 4, 5, 6, 8, 9, 10]","[1, 3, 7, 11, 12, 13, 14, 15, 16]"
3.010299957,n_x_0,n_p_0,954,"[1, 2, 4, 5, 6, 8, 9, 10]","[3, 7, 11, 12, 13, 14, 15, 16]"
3.979400087,n_x_0+n_x_2-n_x_12,n_p_0+n_p_5,951,"[4, 5, 6, 8, 9, 10]","[1, 2, 3, 7, 11, 12, 13, 14, 15, 16]"
3.010299957,n_x_0,n_p_0,956,"[1, 3, 4, 5, 6, 8, 9, 10]","[2, 7, 11, 12, 13, 14, 15, 16]"
3.010299957,n_x_0,n_p_0,957,"[2, 3, 4, 5, 6, 8, 9, 10]","[1, 7, 11, 12, 13, 14, 15, 16]"
2.041199827,n_x_0,n_p_0,958,"[1, 2, 3, 4, 5, 6, 8, 9, 10]","[7, 11, 12, 13, 14, 15, 16]"
3.590219426,n_x_0+n_x_2,n_p_0+n_p_5,955,"[3, 4, 5, 6, 8, 9, 10]","[1, 2, 7, 11, 12, 13, 14, 15, 16]"
3.590219426,n_x_0+n_x_5,n_p_2-n_p_1,960,"[1, 7, 8, 9, 10]","[2, 3, 4, 5, 6, 11, 12, 13, 14, 15, 16]"
3.979400087,n_x_0+n_x_2-n_x_6,n_p_1+n_p_5,959,"[7, 8, 9, 10]","[1, 2, 3, 4, 5, 6, 11, 12, 13, 14, 15, 16]"
3.010299957,n_x_0,n_p_2,962,"[1, 2, 7, 8, 9, 10]","[3, 4, 5, 6, 11, 12, 13, 14, 15, 16]"
3.590219426,n_x_0+n_x_5,n_p_2-n_p_1,961,"[2, 7, 8, 9, 10]","[1, 3, 4, 5, 6, 11, 12, 13, 14, 15, 16]"
3.590219426,n_x_0+n_x_2,n_p_6+n_p_5,963,"[3, 7, 8, 9, 10]","[1, 2, 4, 5, 6, 11, 12, 13, 14, 15, 16]"
3.802112417,n_x_0+n_x_5,n_p_2,964,"[1, 3, 7, 8, 9, 10]","[2, 4, 5, 6, 11, 12, 13, 14, 15, 16]"
3.010299957,n_x_0,n_p_2,966,"[1, 2, 3, 7, 8, 9, 10]","[4, 5, 6, 11, 12, 13, 14, 15, 16]"
3.590219426,n_x_0+n_x_5,n_p_2+n_p_8,965,"[2, 3, 7, 8, 9, 10]","[1, 4, 5, 6, 11, 12, 13, 14, 15, 16]"
3.590219426,n_x_0+n_x_2,n_p_6+n_p_5,967,"[4, 7, 8, 9, 10]","[1, 2, 3, 5, 6, 11, 12, 13, 14, 15, 16]"
3.802112417,n_x_0+n_x_5,n_p_2,969,"[2, 4, 7, 8, 9, 10]","[1, 3, 5, 6, 11, 12, 13, 14, 15, 16]"
3.010299957,n_x_0,n_p_2,970,"[1, 2, 4, 7, 8, 9, 10]","[3, 5, 6, 11, 12, 13, 14, 15, 16]"
3.590219426,n_x_0+n_x_5,n_p_2-n_p_8,968,"[1, 4, 7, 8, 9, 10]","[2, 3, 5, 6, 11, 12, 13, 14, 15, 16]"
3.010299957,n_x_0,n_p_6,971,"[3, 4, 7, 8, 9, 10]","[1, 2, 5, 6, 11, 12, 13, 14, 15, 16]"
3.010299957,n_x_0-n_x_2,n_p_0+n_p_6,973,"[2, 3, 4, 7, 8, 9, 10]","[1, 5, 6, 11, 12, 13, 14, 15, 16]"
3.010299957,n_x_0,n_p_0,974,"[1, 2, 3, 4, 7, 8, 9, 10]","[5, 6, 11, 12, 13, 14, 15, 16]"
3.010299957,n_x_0-n_x_2,n_p_0+n_p_6,972,"[1, 3, 4, 7, 8, 9, 10]","[2, 5, 6, 11, 12, 13, 14, 15, 16]"
3.979400087,n_x_0+n_x_2-n_x_6,n_p_1+n_p_5,975,"[5, 7, 8, 9, 10]","[1, 2, 3, 4, 6, 11, 12, 13, 14, 15, 16]"
3.802112417,n_x_0+n_x_1+n_x_8,n_p_0-n_p_2+n_p_5,976,"[1, 5, 7, 8, 9, 10]","[2, 3, 4, 6, 11, 12, 13, 14, 15, 16]"
3.802112417,n_x_0+n_x_1-n_x_8,n_p_0-n_p_2+n_p_5,977,"[2, 5, 7, 8, 9, 10]","[1, 3, 4, 6, 11, 12, 13, 14, 15, 16]"
3.010299957,n_x_0+n_x_1,n_p_0-n_p_2,978,"[1, 2, 5, 7, 8, 9, 10]","[3, 4, 6, 11, 12, 13, 14, 15, 16]"
3.979400087,n_x_0+n_x_1-n_x_2,n_p_0+n_p_6,979,"[3, 5, 7, 8, 9, 10]","[1, 2, 4, 6, 11, 12, 13, 14, 15, 16]"
3.010299957,n_x_0-n_x_2,n_p_0-n_p_19,980,"[1, 3, 5, 7, 8, 9, 10]","[2, 4, 6, 11, 12, 13, 14, 15, 16]"
3.010299957,n_x_0,n_p_0,982,"[1, 2, 3, 5, 7, 8, 9, 10]","[4, 6, 11, 12, 13, 14, 15, 16]"
3.010299957,n_x_0-n_x_2,n_p_0-n_p_8,981,"[2, 3, 5, 7, 8, 9, 10]","[1, 4, 6, 11, 12, 13, 14, 15, 16]"
3.010299957,n_x_0-n_x_2,n_p_0+n_p_8,984,"[1, 4, 5, 7, 8, 9, 10]","[2, 3, 6, 11, 12, 13, 14, 15, 16]"
3.010299957,n_x_0-n_x_2,n_p_0+n_p_19,985,"[2, 4, 5, 7, 8, 9, 10]","[1, 3, 6, 11, 12, 13, 14, 15, 16]"
3.010299957,n_x_0,n_p_0,986,"[1, 2, 4, 5, 7, 8, 9, 10]","[3, 6, 11, 12, 13, 14, 15, 16]"
3.979400087,n_x_0+n_x_1-n_x_2,n_p_0+n_p_6,983,"[4, 5, 7, 8, 9, 10]","[1, 2, 3, 6, 11, 12, 13, 14, 15, 16]"
3.010299957,n_x_0,n_p_0,988,"[1, 3, 4, 5, 7, 8, 9, 10]","[2, 6, 11, 12, 13, 14, 15, 16]"
3.010299957,n_x_0,n_p_0,989,"[2, 3, 4, 5, 7, 8, 9, 10]","[1, 6, 11, 12, 13, 14, 15, 16]"
2.041199827,n_x_0,n_p_0,990,"[1, 2, 3, 4, 5, 7, 8, 9, 10]","[6, 11, 12, 13, 14, 15, 16]"
3.010299957,n_x_0-n_x_2,n_p_0+n_p_6,987,"[3, 4, 5, 7, 8, 9, 10]","[1, 2, 6, 11, 12, 13, 14, 15, 16]"
3.979400087,n_x_0+n_x_2-n_x_6,n_p_1+n_p_5,991,"[6, 7, 8, 9, 10]","[1, 2, 3, 4, 5, 11, 12, 13, 14, 15, 16]"
3.802112417,n_x_0+n_x_1+n_x_8,n_p_0-n_p_2+n_p_5,992,"[1, 6, 7, 8, 9, 10]","[2, 3, 4, 5, 11, 12, 13, 14, 15, 16]"
3.010299957,n_x_0+n_x_1,n_p_0-n_p_2,994,"[1, 2, 6, 7, 8, 9, 10]","[3, 4, 5, 11, 12, 13, 14, 15, 16]"
3.802112417,n_x_0+n_x_1-n_x_8,n_p_0-n_p_2+n_p_5,993,"[2, 6, 7, 8, 9, 10]","[1, 3, 4, 5, 11, 12, 13, 14, 15, 16]"
3.010299957,n_x_0-n_x_2,n_p_0-n_p_19,996,"[1, 3, 6, 7, 8, 9, 10]","[2, 4, 5, 11, 12, 13, 14, 15, 16]"
3.979400087,n_x_0+n_x_1-n_x_2,n_p_0+n_p_6,995,"[3, 6, 7, 8, 9, 10]","[1, 2, 4, 5, 11, 12, 13, 14, 15, 16]"
3.010299957,n_x_0,n_p_0,998,"[1, 2, 3, 6, 7, 8, 9, 10]","[4, 5, 11, 12, 13, 14, 15, 16]"
3.010299957,n_x_0-n_x_2,n_p_0-n_p_8,997,"[2, 3, 6, 7, 8, 9, 10]","[1, 4, 5, 11, 12, 13, 14, 15, 16]"
3.979400087,n_x_0+n_x_1-n_x_2,n_p_0+n_p_6,999,"[4, 6, 7, 8, 9, 10]","[1, 2, 3, 5, 11, 12, 13, 14, 15, 16]"
4.259687323,n_x_0+n_x_5,n_p_2+n_p_8,789,"[2, 3, 5, 9, 10]","[1, 4, 6, 7, 8, 11, 12, 13, 14, 15, 16]"
4.259687323,n_x_0+n_x_5,n_p_2-n_p_8,792,"[1, 4, 5, 9, 10]","[2, 3, 6, 7, 8, 11, 12, 13, 14, 15, 16]"
4.259687323,n_x_0+n_x_5,n_p_2+n_p_8,805,"[2, 3, 6, 9, 10]","[1, 4, 5, 7, 8, 11, 12, 13, 14, 15, 16]"
4.259687323,n_x_0+n_x_5,n_p_2-n_p_8,808,"[1, 4, 6, 9, 10]","[2, 3, 5, 7, 8, 11, 12, 13, 14, 15, 16]"
